Symbol,Name,Last Sale,Net Change,% Change,Market Cap,Country,IPO Year,Volume,Sector,Industry
A,Agilent Technologies Inc. Common Stock,$136.78,-1.18,-0.855%,40020087201.00,United States,1999,4875971,Industrials,Electrical Products
AA,Alcoa Corporation Common Stock ,$31.10,1.20,4.013%,5550476339.00,United States,2016,19183193,Industrials,Aluminum
AACG,ATA Creativity Global American Depositary Shares,$0.8502,0.0002,0.024%,26885169.00,China,2008,6602,Real Estate,Other Consumer Services
AACI,Armada Acquisition Corp. I Common Stock,$10.74,0.00,0.00%,0.00,United States,2021,29,Finance,Blank Checks
AACIW,Armada Acquisition Corp. I Warrant,$0.025,0.0089,55.28%,0.00,United States,2021,3890,Finance,Blank Checks
AACT,Ares Acquisition Corporation II Class A Ordinary Shares,$10.41,0.00,0.00%,0.00,,2023,102926,,
AADI,Aadi Bioscience Inc. Common Stock,$2.34,-3.03,-56.425%,57390512.00,United States,,5996096,Health Care,Biotechnology: Pharmaceutical Preparations
AAGR,African Agriculture Holdings Inc. Common Stock,$0.598,-0.074,-11.012%,5645850.00,United States,2021,1160527,Finance,Finance: Consumer Services
AAGRW,African Agriculture Holdings Inc. Warrant,$0.0329,0.0019,6.129%,827641.00,United States,2021,45780,Finance,Finance: Consumer Services
AAIN,Arlington Asset Investment Corp 6.000% Senior Notes Due 2026,$23.38,-0.07,-0.299%,662185334.00,United States,,26231,Real Estate,Real Estate Investment Trusts
AAL,American Airlines Group Inc. Common Stock,$14.49,-0.10,-0.685%,9469817060.00,United States,,34725689,Consumer Discretionary,Air Freight/Delivery Services
AAMC,Altisource Asset Management Corp Com,$4.96,-0.60,-10.791%,13710105.00,United States,,74754,Finance,Real Estate
AAME,Atlantic American Corporation Common Stock,$1.98,-0.025,-1.247%,40396530.00,United States,,7742,Finance,Life Insurance
AAN,Aarons Holdings Company Inc. Common Stock ,$11.09,-0.63,-5.375%,336351793.00,United States,2020,744837,Miscellaneous,Diversified Commercial Services
AAOI,Applied Optoelectronics Inc. Common Stock,$21.725,-1.465,-6.317%,772032157.00,United States,2013,4563067,Technology,Semiconductors
AAON,AAON Inc. Common Stock,$71.11,-0.12,-0.168%,5777321781.00,United States,,1063787,Industrials,Industrial Machinery/Components
AAP,Advance Auto Parts Inc.,$62.72,-1.25,-1.954%,3731964813.00,United States,,2408066,Consumer Discretionary,Auto & Home Supply Stores
AAPL,Apple Inc. Common Stock,$197.57,-0.54,-0.273%,3072757212640.00,United States,1980,128254586,Technology,Computer Manufacturing
AAT,American Assets Trust Inc. Common Stock,$23.00,-0.47,-2.003%,1396666490.00,United States,2011,1035878,Real Estate,Real Estate Investment Trusts
AAU,Almaden Minerals Ltd. Common Shares,$0.1451,0.00,0.00%,19910826.00,Canada,2015,148160,,
AB,AllianceBernstein Holding L.P.  Units,$32.02,0.15,0.471%,3579735873.00,United States,,738287,Finance,Investment Managers
ABAT,American Battery Technology Company Common Stock,$5.07,0.41,8.798%,239660598.00,United States,,3104516,Basic Materials,Metal Mining
ABBV,AbbVie Inc. Common Stock,$154.04,-0.84,-0.542%,271963384331.00,United States,2012,15202986,Health Care,Biotechnology: Pharmaceutical Preparations
ABCB,Ameris Bancorp Common Stock,$52.16,-0.40,-0.761%,3601755502.00,United States,1994,1780287,Finance,Major Banks
ABCL,AbCellera Biologics Inc. Common Shares,$5.43,-0.05,-0.912%,1571202358.00,Canada,2020,2437105,Health Care,Biotechnology: Pharmaceutical Preparations
ABEO,Abeona Therapeutics Inc. Common Stock,$4.87,0.09,1.883%,120646054.00,United States,,241894,Health Care,Biotechnology: Pharmaceutical Preparations
ABEV,Ambev S.A. American Depositary Shares (Each representing 1 Common Share),$2.88,-0.03,-1.031%,45360624531.00,Brazil,2013,9296529,Consumer Staples,Beverages (Production/Distribution)
ABG,Asbury Automotive Group Inc Common Stock,$233.17,-1.17,-0.499%,4798025829.00,United States,2002,424484,Consumer Discretionary,Other Specialty Stores
ABIO,ARCA biopharma Inc. Common Stock,$1.75,-0.04,-2.235%,25217750.00,United States,,25560,Health Care,Biotechnology: In Vitro & In Vivo Diagnostic Substances
ABL,Abacus Life Inc. Class A Common Stock,$8.05,-0.20,-2.424%,509966075.00,United States,2020,33123,Finance,Investment Managers
ABLLL,Abacus Life Inc. 9.875% Fixed Rate Senior Notes due 2028,$25.10,-0.2999,-1.181%,0.00,United States,,628,,
ABLLW,Abacus Life Inc. Warrant,$0.50,-0.08,-13.793%,31674912.00,United States,2020,12552,Finance,Investment Managers
ABLV,Able View Global Inc. Class B Ordinary Shares,$2.965,-0.095,-3.105%,0.00,China,,9533,,
ABLVW,Able View Global Inc. Warrant,$0.0559,0.0064,12.929%,0.00,China,,2000,,
ABM,ABM Industries Incorporated Common Stock,$45.91,-1.05,-2.236%,3008581190.00,United States,,1634421,Finance,Diversified Commercial Services
ABNB,Airbnb Inc. Class A Common Stock,$146.60,-0.66,-0.448%,95061019449.00,United States,2020,8238258,Consumer Discretionary,Hotels/Resorts
ABOS,Acumen Pharmaceuticals Inc. Common Stock,$2.88,-0.12,-4.00%,166782128.00,United States,2021,890454,Health Care,Biotechnology: Pharmaceutical Preparations
ABR,Arbor Realty Trust Common Stock,$15.38,-0.32,-2.038%,2899155254.00,United States,2004,7740717,Real Estate,Real Estate Investment Trusts
ABR^D,Arbor Realty Trust 6.375% Series D Cumulative Redeemable Preferred Stock Liquidation Preference $25.00 per Share,$17.60,-0.03,-0.17%,,United States,,33931,,
ABR^E,Arbor Realty Trust 6.25% Series E Cumulative Redeemable Preferred Stock,$18.30,0.30,1.667%,,United States,,16763,,
ABR^F,Arbor Realty Trust 6.25% Series F Fixed-to-Floating Rate Cumulative Redeemable Preferred Stock Liquidation Preference $25.00 per share,$18.64,-0.21,-1.114%,,United States,,22241,,
ABSI,Absci Corporation Common Stock,$2.73,-0.03,-1.087%,253722042.00,United States,2021,1584233,Health Care,Biotechnology: Pharmaceutical Preparations
ABT,Abbott Laboratories Common Stock,$107.29,-1.31,-1.206%,186261720327.00,United States,,13316289,Health Care,Biotechnology: Pharmaceutical Preparations
ABTS,Abits Group Inc Ordinary Shares,$0.96,-0.0442,-4.402%,18567868.00,China,,4153,Technology,Computer Software: Programming Data Processing
ABUS,Arbutus Biopharma Corporation Common Stock,$2.24,0.06,2.752%,375637353.00,Canada,,2005751,Health Care,Biotechnology: Pharmaceutical Preparations
ABVC,ABVC BioPharma Inc. Common Stock,$1.30,0.01,0.775%,9401522.00,United States,,341634,Health Care,Biotechnology: Pharmaceutical Preparations
ABVX,Abivax SA American Depositary Shares,$10.50,0.05,0.478%,660167214.00,France,2023,109653,,
AC,Associated Capital Group Inc. Common Stock,$35.02,0.17,0.488%,756125330.00,United States,2015,8032,Finance,Investment Bankers/Brokers/Service
ACA,Arcosa Inc. Common Stock ,$80.09,0.02,0.025%,3905185677.00,United States,2018,617489,Industrials,Metal Fabrications
ACAB,Atlantic Coastal Acquisition Corp. II Class A Common Stock,$10.65,0.00,0.00%,0.00,United States,2022,1,Finance,Blank Checks
ACABW,Atlantic Coastal Acquisition Corp. II Warrant,$0.018,-0.0113,-38.567%,0.00,United States,2022,12711,Finance,Blank Checks
ACAC,Acri Capital Acquisition Corporation Class A Common Stock,$11.04,0.04,0.364%,0.00,United States,2022,119,Finance,Blank Checks
ACAD,ACADIA Pharmaceuticals Inc. Common Stock,$28.58,0.52,1.853%,4692275175.00,United States,1985,4693049,Health Care,Biotechnology: Pharmaceutical Preparations
ACAH,Atlantic Coastal Acquisition Corp. Class A Common Stock,$10.56,0.00,0.00%,0.00,United States,2021,5,Finance,Blank Checks
ACAHW,Atlantic Coastal Acquisition Corp. Warrant,$0.026,0.00,0.00%,0.00,United States,2021,2091,Finance,Blank Checks
ACAX,Alset Capital Acquisition Corp. Class A Common Stock,$10.80,0.00,0.00%,0.00,United States,2022,4,Health Care,Other Pharmaceuticals
ACAXU,Alset Capital Acquisition Corp. Unit,$9.50,0.00,0.00%,0.00,United States,2022,1,Health Care,Other Pharmaceuticals
ACAXW,Alset Capital Acquisition Corp. Warrant,$0.015,-0.005,-25.00%,0.00,United States,2022,1000,Health Care,Other Pharmaceuticals
ACB,Aurora Cannabis Inc. Common Shares,$0.48,-0.0093,-1.901%,228024000.00,Canada,,4408283,Health Care,Pharmaceuticals and Biotechnology
ACBA,Ace Global Business Acquisition Limited Ordinary Shares,$11.84,0.07,0.595%,44868236.00,Hong Kong,2021,101,Consumer Discretionary,Business Services
ACCD,Accolade Inc. Common Stock,$10.48,-0.34,-3.142%,798913372.00,United States,2020,1173816,Consumer Discretionary,Business Services
ACCO,Acco Brands Corporation Common Stock,$5.65,-0.14,-2.418%,536329934.00,United States,,1111619,Consumer Discretionary,Publishing
ACDC,ProFrac Holding Corp. Class A Common Stock,$8.18,-0.47,-5.434%,1303800719.00,United States,2022,1018893,Energy,Oilfield Services/Equipment
ACEL,Accel Entertainment Inc. ,$9.95,-0.20,-1.97%,843792676.00,United States,2017,546697,Consumer Discretionary,Services-Misc. Amusement & Recreation
ACET,Adicet Bio Inc. Common Stock ,$1.59,-0.06,-3.636%,68631590.00,United States,2018,923773,Health Care,Biotechnology: Pharmaceutical Preparations
ACGL,Arch Capital Group Ltd. Common Stock,$73.42,-1.25,-1.674%,27398281559.00,Bermuda,,4577813,Finance,Property-Casualty Insurers
ACGLN,Arch Capital Group Ltd. Depositary Shares each Representing a 1/1000th Interest in a 4.550% Non-Cumulative Preferred Share Series G,$19.64,-0.19,-0.958%,7329096293.00,Bermuda,,40638,Finance,Property-Casualty Insurers
ACGLO,Arch Capital Group Ltd. Depositary Shares Each Representing 1/1000th Interest in a Share of 5.45% Non-Cumulative Preferred Shares Series F,$22.95,-0.03,-0.131%,8564295312.00,Bermuda,,23122,Finance,Property-Casualty Insurers
ACHC,Acadia Healthcare Company Inc. Common Stock,$75.43,-2.15,-2.771%,6955888785.00,United States,,1214798,Health Care,Medical Specialities
ACHL,Achilles Therapeutics plc American Depositary Shares,$0.87,0.01,1.163%,35611472.00,United Kingdom,2021,117055,Health Care,Biotechnology: Biological Products (No Diagnostic Substances)
ACHR,Archer Aviation Inc. Class A Common Stock,$6.70,-0.20,-2.899%,2015210637.00,United States,2020,9973163,Industrials,Aerospace
ACHV,Achieve Life Sciences Inc. Common Shares,$3.18,-0.10,-3.049%,67307117.00,United States,,134287,Health Care,Biotechnology: In Vitro & In Vivo Diagnostic Substances
ACI,Albertsons Companies Inc. Class A Common Stock,$22.66,0.04,0.177%,13049729171.00,United States,2020,6143106,Consumer Staples,Food Chains
ACIC,American Coastal Insurance Corporation Common Stock,$8.47,-0.365,-4.131%,371814129.00,United States,,310696,Finance,Property-Casualty Insurers
ACIU,AC Immune SA Common Stock,$3.92,0.21,5.66%,327790400.00,Switzerland,2016,1318105,Health Care,Biotechnology: Pharmaceutical Preparations
ACIW,ACI Worldwide Inc. Common Stock,$29.72,0.08,0.27%,3231233740.00,United States,,3214405,Technology,EDP Services
ACLS,Axcelis Technologies Inc. Common Stock,$136.09,-4.34,-3.091%,4456601695.00,United States,2000,1345823,Technology,Industrial Machinery/Components
ACLX,Arcellx Inc. Common Stock,$51.12,-0.18,-0.351%,2488837879.00,United States,2022,1431390,Health Care,Biotechnology: Pharmaceutical Preparations
ACM,AECOM Common Stock,$92.28,-1.01,-1.083%,12548903799.00,United States,2007,1819703,Consumer Discretionary,Military/Government/Technical
ACMR,ACM Research Inc. Class A Common Stock,$17.90,0.01,0.056%,1084879531.00,United States,2017,924065,Technology,Industrial Machinery/Components
ACN,Accenture plc Class A Ordinary Shares (Ireland),$344.15,1.42,0.414%,228898317170.00,Ireland,2001,3880241,Consumer Discretionary,Business Services
ACNB,ACNB Corporation Common Stock,$47.59,2.55,5.662%,404881824.00,United States,,65052,Finance,Major Banks
ACNT,Ascent Industries Co. Common Stock,$7.35,-0.20,-2.649%,74422668.00,United States,,24803,Industrials,Steel/Iron Ore
ACON,Aclarion Inc. Common Stock,$0.2107,-0.0093,-4.227%,1852687.00,United States,2022,76554,Technology,Retail: Computer Software & Peripheral Equipment
ACOR,Acorda Therapeutics Inc. Common Stock,$14.80,1.20,8.824%,18383050.00,United States,2006,8121,Health Care,Biotechnology: Biological Products (No Diagnostic Substances)
ACP,abrdn Income Credit Strategies Fund Common Shares,$6.91,0.18,2.675%,0.00,United States,2011,431736,Finance,Investment Managers
ACP^A,abrdn Income Credit Strategies Fund 5.250% Series A Perpetual Preferred Stock,$23.19,-1.52,-6.151%,,United States,,1683,,
ACR,ACRES Commercial Realty Corp. Common Stock,$8.94,-0.02,-0.223%,75588871.00,United States,,11500,Real Estate,Real Estate Investment Trusts
ACR^C,ACRES Commercial Realty Corp. 8.625% Fixed-to-Floating Series C Cumulative Redeemable Preferred Stock ,$23.4089,0.0374,0.16%,,United States,,2610,,
ACR^D,ACRES Commercial Realty Corp. 7.875% Series D Cumulative Redeemable Preferred Stock,$21.00,0.15,0.719%,,United States,,3415,,
ACRE,Ares Commercial Real Estate Corporation Common Stock,$10.71,-0.26,-2.37%,579845376.00,United States,2012,1891325,Real Estate,Real Estate Investment Trusts
ACRO,Acropolis Infrastructure Acquisition Corp. Class A Common Stock,$10.4499,-0.0001,-0.001%,0.00,,2021,7472,Finance,Blank Checks
ACRS,Aclaris Therapeutics Inc. Common Stock,$1.01,-0.05,-4.717%,71544556.00,United States,2015,2808811,Health Care,Biotechnology: Pharmaceutical Preparations
ACRV,Acrivon Therapeutics Inc. Common Stock,$4.59,-0.42,-8.383%,101871869.00,United States,2022,64710,Health Care, Medicinal Chemicals and Botanical Products 
ACRX,AcelRx Pharmaceuticals Inc. Common Stock,$0.809,0.074,10.068%,13714386.00,United States,2011,235173,Health Care,Biotechnology: Pharmaceutical Preparations
ACST,Acasti Pharma Inc. Class A Common Stock,$2.15,0.02,0.939%,20208719.00,Canada,,11706,Health Care,Biotechnology: Pharmaceutical Preparations
ACT,Enact Holdings Inc. Common Stock,$28.50,-0.15,-0.524%,4551546245.00,United States,2021,502184,Finance,Specialty Insurers
ACTG,Acacia Research Corporation (Acacia Tech) Common Stock,$3.90,0.01,0.257%,389556656.00,United States,,397862,Miscellaneous,Multi-Sector Companies
ACU,Acme United Corporation. Common Stock,$40.87,0.32,0.789%,146521811.00,United States,1988,9665,Consumer Discretionary,Industrial Machinery/Components
ACV,Virtus Diversified Income & Convertible Fund Common Shares of Beneficial Interest,$20.04,-0.06,-0.299%,207673598.00,United States,2015,19482,Finance,Finance/Investors Services
ACVA,ACV Auctions Inc. Class A Common Stock,$14.54,-0.81,-5.277%,2347323264.00,United States,2021,2112270,Consumer Discretionary,Business Services
ACXP,Acurx Pharmaceuticals Inc. Common Stock,$3.50,0.14,4.167%,48187920.00,United States,2021,306663,Health Care,Biotechnology: Pharmaceutical Preparations
ADAG,Adagene Inc. American Depositary Shares,$1.53,-0.16,-9.467%,66176428.00,China,2021,114494,Health Care,Biotechnology: Pharmaceutical Preparations
ADAP,Adaptimmune Therapeutics plc American Depositary Shares,$0.45,-0.0384,-7.862%,102204719.00,United Kingdom,2015,1524666,Health Care,Biotechnology: Pharmaceutical Preparations
ADBE,Adobe Inc. Common Stock,$584.68,0.04,0.007%,266204804000.00,United States,1986,8663677,Technology,Computer Software: Prepackaged Software
ADC,Agree Realty Corporation Common Stock,$61.23,-0.84,-1.353%,6154822272.00,United States,,3226718,Real Estate,Real Estate Investment Trusts
ADC^A,Agree Realty Corporation Depositary Shares each representing 1/1000th of a 4.250% Series A Cumulative Redeemable Preferred Stock,$18.72,0.46,2.519%,,United States,,19191,,
ADCT,ADC Therapeutics SA Common Shares,$1.59,-0.20,-11.173%,128221623.00,,2020,866464,Health Care,Biotechnology: Pharmaceutical Preparations
ADD,Color Star Technology Co. Ltd. Class A Ordinary Shares,$0.395,0.015,3.947%,6395450.00,United States,,121691,Consumer Discretionary,Engineering & Construction
ADEA,Adeia Inc. Common Stock,$11.11,0.13,1.184%,1190689686.00,United States,2003,3849754,Technology,Semiconductors
ADES,Advanced Emissions Solutions Inc. Common Stock,$2.60,-0.04,-1.515%,86270358.00,United States,,193690,Industrials,Major Chemicals
ADEX,Adit EdTech Acquisition Corp. Common Stock,$4.97,0.7699,18.331%,44233129.00,,2021,25656,Technology,EDP Services
ADI,Analog Devices Inc. Common Stock,$200.88,0.71,0.355%,99689045877.00,United States,,7057384,Technology,Semiconductors
ADIL,Adial Pharmaceuticals Inc Common Stock,$1.75,-0.0821,-4.481%,2131467.00,United States,2018,89042,Health Care,Biotechnology: Pharmaceutical Preparations
ADM,Archer-Daniels-Midland Company Common Stock,$75.75,-0.67,-0.877%,40403630066.00,United States,,11609182,Consumer Staples,Packaged Foods
ADMA,ADMA Biologics Inc Common Stock,$4.20,0.16,3.96%,949064206.00,United States,,3941929,Health Care,Biotechnology: Biological Products (No Diagnostic Substances)
ADN,Advent Technologies Holdings Inc. Class A Common Stock,$0.31,-0.009,-2.821%,19384682.00,United States,2018,957548,Miscellaneous,Industrial Machinery/Components
ADNT,Adient plc Ordinary Shares ,$35.18,-0.68,-1.896%,3296285227.00,United States,2016,1803189,Consumer Discretionary,Auto Parts:O.E.M.
ADNWW,Advent Technologies Holdings Inc. Warrant,$0.031,-0.0014,-4.321%,1938468.00,United States,2018,51450,Utilities,Power Generation
ADOC,Edoc Acquisition Corp. Class A Ordinary Share,$11.55,0.00,0.00%,0.00,United States,2020,1,Health Care,Biotechnology: Biological Products (No Diagnostic Substances)
ADOCR,Edoc Acquisition Corp. Right,$0.07,0.00,0.00%,0.00,United States,2020,12,Health Care,Biotechnology: Biological Products (No Diagnostic Substances)
ADOCW,Edoc Acquisition Corp. Warrant,$0.0073,-0.0052,-41.60%,0.00,United States,2020,58378,Health Care,Biotechnology: Biological Products (No Diagnostic Substances)
ADP,Automatic Data Processing Inc. Common Stock,$234.14,-1.83,-0.776%,96302901657.00,United States,,5260548,Technology,EDP Services
ADPT,Adaptive Biotechnologies Corporation Common Stock,$4.87,-0.31,-5.985%,705043297.00,United States,2019,2545934,Health Care,Biotechnology: Biological Products (No Diagnostic Substances)
ADRT,Ault Disruptive Technologies Corporation Common Stock,$11.30,0.05,0.444%,162437500.00,,2022,913,Finance,Blank Checks
ADSE,ADS-TEC ENERGY PLC Ordinary Shares,$6.90,-0.05,-0.719%,337272000.00,Ireland,,27249,Consumer Discretionary,Industrial Specialties
ADSEW,ADS-TEC ENERGY PLC Warrant,$0.82,0.04,5.128%,40079273.00,Ireland,,1419,Consumer Discretionary,Industrial Specialties
ADSK,Autodesk Inc. Common Stock,$242.29,1.48,0.615%,51829544094.00,United States,,3179502,Technology,Computer Software: Prepackaged Software
ADT,ADT Inc. Common Stock,$6.88,0.06,0.88%,6342130413.00,United States,2018,6392975,Consumer Discretionary,Diversified Commercial Services
ADTH,AdTheorent Holding Company Inc. Common Stock,$1.39,0.06,4.511%,122656238.00,United States,2021,157595,Consumer Discretionary,Advertising
ADTHW,AdTheorent Holding Company Inc. Warrants,$0.0333,-0.0067,-16.75%,2938455.00,United States,2021,334,Consumer Discretionary,Advertising
ADTN,ADTRAN Holdings Inc. Common Stock,$7.10,0.01,0.141%,558762893.00,United States,1994,4130915,Utilities,Telecommunications Equipment
ADTX,Aditxt Inc. Common Stock,$4.98,-0.27,-5.143%,2200418.00,United States,2020,252284,Health Care,Biotechnology: Pharmaceutical Preparations
ADUS,Addus HomeCare Corporation Common Stock,$92.76,-3.22,-3.355%,1504071212.00,United States,2009,452923,Health Care,Medical/Nursing Services
ADV,Advantage Solutions Inc. Class A Common Stock,$3.83,0.26,7.283%,1250087480.00,United States,2019,1475339,Consumer Discretionary,Business Services
ADVM,Adverum Biotechnologies Inc. Common Stock,$0.815,0.007,0.866%,82337147.00,United States,2014,213757,Health Care,Biotechnology: Biological Products (No Diagnostic Substances)
ADVWW,Advantage Solutions Inc. Warrant,$0.11,-0.005,-4.348%,35903296.00,United States,2019,9492,Consumer Discretionary,Advertising
ADX,Adams Diversified Equity Fund Inc.,$17.34,-0.13,-0.744%,0.00,United States,,150870,Finance,Investment Managers
ADXN,Addex Therapeutics Ltd American Depositary Shares,$5.43,0.10,1.876%,4311241.00,Switzerland,,8749,Health Care,Biotechnology: Pharmaceutical Preparations
AE,Adams Resources & Energy Inc. Common Stock,$26.03,-0.33,-1.252%,66283859.00,United States,1980,2903,Energy,Oil Refining/Marketing
AEAE,AltEnergy Acquisition Corp. Class A Common Stock,$10.89,0.04,0.369%,0.00,United States,2021,212,Finance,Blank Checks
AEAEW,AltEnergy Acquisition Corp. Warrant,$0.0361,0.00,0.00%,0.00,United States,2021,180864,Finance,Blank Checks
AEE,Ameren Corporation Common Stock,$71.73,-3.29,-4.385%,18861048293.00,United States,,7428223,Utilities,Power Generation
AEF,abrdn Emerging Markets Equity Income Fund Inc. Common Stock,$5.01,-0.0109,-0.217%,537886125.00,United States,,386216,Finance,Finance/Investors Services
AEFC,Aegon Funding Company LLC 5.10% Subordinated Notes due 2049,$21.12,-0.11,-0.518%,0.00,United States,2019,42923,,
AEG,Aegon Ltd. New York Registry Shares,$5.68,-0.07,-1.217%,15083957435.00,Netherlands,,888073,Finance,Life Insurance
AEHL,Antelope Enterprise Holdings Limited Class A Ordinary Shares,$2.16,0.0201,0.939%,3885840.00,China,,5987,Industrials,Building Materials
AEHR,Aehr Test Systems Common Stock,$27.64,-2.25,-7.528%,796013011.00,United States,1997,1636542,Industrials,Electrical Products
AEI,Alset Inc. Common Stock (TX),$0.824,0.0141,1.741%,7609738.00,United States,2020,64036,Real Estate,Building operators
AEIS,Advanced Energy Industries Inc. Common Stock,$109.49,-1.69,-1.52%,4081859135.00,United States,1995,782261,Technology,Industrial Machinery/Components
AEL,American Equity Investment Life Holding Company Common Stock,$55.48,-0.23,-0.413%,4384297346.00,United States,2003,1094940,Finance,Life Insurance
AEL^A,American Equity Investment Life Holding Company Depositary Shares each representing a 1/1000th interest in a share of 5.95% Fixed-Rate Reset Non-Cumulative Preferred Stock Series A,$22.42,-0.10,-0.444%,,United States,,68761,,
AEL^B,American Equity Investment Life Holding Company Depositary Shares each representing a 1/1000th interest in a share of 6.625% Fixed-Rate Reset Non-Cumulative Preferred Stock Series B,$24.57,-0.35,-1.404%,,United States,,21578,,
AEM,Agnico Eagle Mines Limited Common Stock,$54.01,-0.52,-0.954%,26792390931.00,Canada,,4819087,Basic Materials,Precious Metals
AEMD,Aethlon Medical Inc. Common Stock,$2.00,0.00,0.00%,4985816.00,United States,,38096,Health Care,Medical/Dental Instruments
AENT,Alliance Entertainment Holding Corporation Class A Common Stock,$0.7443,-0.1287,-14.742%,37933971.00,United States,,68818,Consumer Discretionary,Durable Goods
AENTW,Alliance Entertainment Holding Corporation Warrants,$0.006,-0.004,-40.00%,305796.00,United States,,3025,Consumer Discretionary,Durable Goods
AEO,American Eagle Outfitters Inc. Common Stock,$20.03,-0.58,-2.814%,3956693151.00,United States,,12275331,Consumer Discretionary,Clothing/Shoe/Accessory Stores
AEON,AEON Biopharma Inc. Class A Common Stock,$5.85,0.20,3.54%,217383660.00,United States,,2925,Health Care,Biotechnology: Pharmaceutical Preparations
AEP,American Electric Power Company Inc. Common Stock,$82.23,-1.10,-1.32%,43242753302.00,United States,,10925965,Utilities,Electric Utilities: Central
AER,AerCap Holdings N.V. Ordinary Shares,$73.94,-1.00,-1.334%,18184158474.00,Netherlands,2006,1983064,Consumer Discretionary,Diversified Commercial Services
AERT,Aeries Technology Inc. Class A Ordinary Share,$2.49,0.06,2.469%,37991591.00,United States,2021,5739,Basic Materials,Forest Products
AERTW,Aeries Technology Inc. Warrant,$0.098,0.00,0.00%,1495251.00,United States,2021,2,Finance,Blank Checks
AES,The AES Corporation Common Stock,$19.35,-0.28,-1.426%,12957321827.00,United States,,10852623,Utilities,Electric Utilities: Central
AESC,The AES Corporation Corporate Units,$75.46,-1.58,-2.051%,50530206981.00,United States,,7520,Utilities,Electric Utilities: Central
AESI,Atlas Energy Solutions Inc. Common Stock,$17.51,0.02,0.114%,1751000000.00,United States,2023,4229260,Industrials,Metal Fabrications
AEVA,Aeva Technologies Inc. Common Stock,$0.7816,-0.0087,-1.101%,174645008.00,United States,2020,2749357,Consumer Discretionary,Auto Parts:O.E.M.
AEY,ADDvantage Technologies Group Inc. Common Stock,$2.31,-0.2899,-11.15%,3452775.00,United States,,20624,Industrials,Office Equipment/Supplies/Services
AEYE,AudioEye Inc. Common Stock,$4.12,-0.11,-2.60%,48982066.00,United States,,38659,Technology,Computer Software: Prepackaged Software
AEZS,Aeterna Zentaris Inc. Common Stock,$2.135,-0.045,-2.064%,10367295.00,Canada,,6880,Health Care,Biotechnology: Pharmaceutical Preparations
AFAR,Aura FAT Projects Acquisition Corp Class A Ordinary Shares,$10.86,0.00,0.00%,0.00,Singapore,2022,31,Finance,Blank Checks
AFB,AllianceBernstein National Municipal Income Fund Inc,$10.72,0.03,0.281%,0.00,United States,2002,64310,Finance,Trusts Except Educational Religious and Charitable
AFBI,Affinity Bancshares Inc. Common Stock (MD),$16.08,0.77,5.029%,102724009.00,United States,2017,23425,Finance,Major Banks
AFCG,AFC Gamma Inc. Common Stock,$12.18,0.04,0.329%,249174749.00,United States,2021,275917,Real Estate,Real Estate Investment Trusts
AFG,American Financial Group Inc. Common Stock,$118.96,-2.94,-2.412%,9966208159.00,United States,,1024113,Finance,Property-Casualty Insurers
AFGB,American Financial Group Inc. 5.875% Subordinated Debentures due 2059,$23.44,0.06,0.257%,1963751843.00,United States,2019,14444,Finance,Property-Casualty Insurers
AFGC,American Financial Group Inc. 5.125% Subordinated Debentures due 2059,$20.91,-0.09,-0.429%,1751793986.00,United States,2019,11048,Finance,Property-Casualty Insurers
AFGD,American Financial Group Inc. 5.625% Subordinated Debentures due 2060,$22.34,0.02,0.09%,1871596253.00,United States,2020,17459,,
AFGE,American Financial Group Inc. 4.500% Subordinated Debentures due 2060,$18.39,-0.05,-0.271%,1540673908.00,United States,2020,2591,Finance,Property-Casualty Insurers
AFIB,Acutus Medical Inc. Common Stock,$0.2205,0.0066,3.086%,6461483.00,United States,2020,199464,Health Care,Biotechnology: Electromedical & Electrotherapeutic Apparatus
AFJKU,Aimei Health Technology Co. Ltd Unit,$10.16,-0.01,-0.098%,0.00,United States,2023,158539,,
AFL,AFLAC Incorporated Common Stock,$80.57,-0.71,-0.874%,47083487657.00,United States,,6747538,Finance,Accident &Health Insurance
AFMD,Affimed N.V.,$0.3866,-0.015,-3.735%,57734844.00,Germany,2014,3007338,Health Care,Biotechnology: Pharmaceutical Preparations
AFRI,Forafric Global PLC Ordinary Shares,$11.34,-0.20,-1.733%,304819200.00,Gibraltar,,17287,Consumer Staples,Packaged Foods
AFRIW,Forafric Global PLC Warrants,$1.51,-0.09,-5.625%,85887429.00,Gibraltar,,2432,Consumer Staples,Packaged Foods
AFRM,Affirm Holdings Inc. Class A Common Stock,$43.97,-0.87,-1.94%,13267225249.00,United States,2021,21321539,Consumer Discretionary,Business Services
AFT,Apollo Senior Floating Rate Fund Inc. Common Stock,$13.44,-0.11,-0.812%,0.00,,2011,133705,Finance,Investment Managers
AFYA,Afya Limited Class A Common Shares,$21.20,0.15,0.713%,1986923996.00,Brazil,2019,282359,Real Estate,Other Consumer Services
AG,First Majestic Silver Corp. Ordinary Shares (Canada),$6.11,-0.17,-2.707%,1753161308.00,Canada,,7394976,Basic Materials,Precious Metals
AGAE,Allied Gaming & Entertainment Inc. Common Stock,$1.40,0.02,1.449%,51579728.00,United States,2017,62605,Consumer Discretionary,Services-Misc. Amusement & Recreation
AGBA,AGBA Group Holding Limited Ordinary Share,$0.373,-0.0058,-1.531%,25200625.00,Hong Kong,2019,26183,Finance,Investment Managers
AGBAW,AGBA Group Holding Limited Warrant,$0.0132,0.0026,24.528%,891818.00,Hong Kong,2019,55688,Finance,Investment Managers
AGCO,AGCO Corporation Common Stock,$119.25,-3.30,-2.693%,8929432487.00,United States,,2904966,Industrials,Industrial Machinery/Components
AGD,abrdn Global Dynamic Dividend Fund Common Shares of Beneficial Interest,$9.39,-0.02,-0.213%,0.00,United States,2006,29559,Finance,Trusts Except Educational Religious and Charitable
AGE,AgeX Therapeutics Inc. Common Stock,$0.36,0.001,0.279%,13662454.00,,2018,68945,Health Care,Biotechnology: Pharmaceutical Preparations
AGEN,Agenus Inc. Common Stock,$0.6917,-0.0695,-9.13%,263880417.00,United States,2000,42419545,Health Care,Biotechnology: Biological Products (No Diagnostic Substances)
AGFY,Agrify Corporation Common Stock,$1.155,-0.025,-2.119%,1907230.00,United States,2021,23117,Consumer Discretionary,Military/Government/Technical
AGI,Alamos Gold Inc. Class A Common Shares,$13.64,-0.24,-1.729%,5405773346.00,Canada,2015,6063528,Basic Materials,Precious Metals
AGIO,Agios Pharmaceuticals Inc. Common Stock,$23.24,0.00,0.00%,1298913440.00,United States,2013,1025305,Health Care,Biotechnology: Pharmaceutical Preparations
AGL,agilon health inc. Common Stock,$13.08,-0.49,-3.611%,5311015286.00,United States,2021,4750851,Health Care,Managed Health Care
AGM,Federal Agricultural Mortgage Corporation Common Stock,$178.95,-3.31,-1.816%,1939970465.00,United States,,109707,Finance,Finance Companies
AGM^C,Federal Agricultural Mortgage Corporation Preferred Series C Fixed to Fltg,$25.455,-0.245,-0.953%,,United States,,294,,
AGM^D,Federal Agricultural Mortgage Corporation 5.700% Non-Cumulative Preferred Stock Series D,$24.12,0.7202,3.078%,,United States,,8911,,
AGM^E,Federal Agricultural Mortgage Corporation 5.750% Non-Cumulative Preferred Stock Series E,$22.81,0.2212,0.979%,,United States,,7966,,
AGM^F,Federal Agricultural Mortgage Corporation 5.250% Non-Cumulative Preferred Stock Series F,$21.00,-0.10,-0.474%,,United States,,6440,,
AGM^G,Federal Agricultural Mortgage Corporation 4.875% Non-Cumulative Preferred Stock Series G,$19.37,-0.08,-0.411%,,United States,,3558,,
AGMH,AGM Group Holdings Inc. Class A Ordinary Shares,$1.724,0.064,3.855%,45435748.00,Hong Kong,2018,8623,Technology,EDP Services
AGNC,AGNC Investment Corp. Common Stock,$9.73,-0.15,-1.518%,6529860008.00,United States,2008,25760856,Real Estate,Real Estate Investment Trusts
AGNCL,AGNC Investment Corp. Depositary Shares Each Representing a 1/1000th Interest in a Share of 7.75% Series G Fixed-Rate Reset Cumulative Redeemable Preferred Stock,$22.28,0.23,1.043%,14952238539.00,United States,,84625,Real Estate,Real Estate Investment Trusts
AGNCM,AGNC Investment Corp. Depositary Shares rep 6.875% Series D Fixed-to-Floating Cumulative Redeemable Preferred Stock,$23.815,0.1024,0.432%,15982386032.00,United States,,7180,Real Estate,Real Estate Investment Trusts
AGNCN,AGNC Investment Corp. Depositary Shares Each Representing a 1/1000th Interest in a Share of 7.00% Series C Fixed-To-Floating Rate Cumulative Redeemable Preferred Stock,$25.55,0.10,0.393%,17146754697.00,United States,,54913,Real Estate,Real Estate Investment Trusts
AGNCO,AGNC Investment Corp. Depositary Shares each representing a 1/1000th interest in a share of 6.50% Series E Fixed-to-Floating Cumulative Redeemable Preferred Stock,$23.51,0.11,0.47%,15777698745.00,United States,,78866,Real Estate,Real Estate Investment Trusts
AGNCP,AGNC Investment Corp. Depositary Shares Each Representing a 1/1000th Interest in a Share of 6.125% Series F Fixed-to-Floating Rate Cumulative Redeemable Preferred Stock,$21.96,0.00,0.00%,14737484664.00,United States,,38486,Real Estate,Real Estate Investment Trusts
AGO,Assured Guaranty Ltd. Common Stock,$71.82,-0.75,-1.033%,4112167073.00,Bermuda,2004,797221,Finance,Property-Casualty Insurers
AGR,Avangrid Inc. Common Stock,$32.86,-1.13,-3.325%,12709292267.00,United States,2015,1093906,Utilities,Electric Utilities: Central
AGRI,AgriFORCE  Growing Systems Ltd. Common Shares,$0.59,-0.0199,-3.263%,833971.00,Canada,2021,138056,,
AGRIW,AgriFORCE  Growing Systems Ltd. Warrant,$0.006,0.0002,3.448%,8481.00,Canada,2021,1715,,
AGRO,Adecoagro S.A. Common Shares,$11.39,-0.17,-1.471%,1232297973.00,Luxembourg,2011,709849,Consumer Staples,Farming/Seeds/Milling
AGRX,Agile Therapeutics Inc. Common Stock,$2.02,-0.05,-2.415%,5073547.00,United States,2014,65599,Health Care,Biotechnology: Pharmaceutical Preparations
AGS,PlayAGS Inc. Common Stock,$7.55,-0.35,-4.43%,292277140.00,United States,2018,411470,Consumer Discretionary,Miscellaneous manufacturing industries
AGTI,Agiliti Inc. Common Stock,$7.28,-0.60,-7.614%,981667501.00,United States,2021,1005202,Health Care,Managed Health Care
AGX,Argan Inc. Common Stock,$43.98,0.28,0.641%,586159547.00,United States,,189318,Consumer Discretionary,Engineering & Construction
AGYS,Agilysys Inc. Common Stock (DE),$83.65,2.35,2.891%,2122474872.00,United States,,439188,Technology,EDP Services
AHCO,AdaptHealth Corp. Common Stock,$7.74,-0.97,-11.137%,1055655930.00,United States,2018,4805838,Health Care,Medical/Nursing Services
AHG,Akso Health Group ADS,$0.60,-0.0399,-6.235%,13719610.00,China,2017,3049,Consumer Discretionary,Business Services
AHH,Armada Hoffler Properties Inc. Common Stock,$13.00,-0.05,-0.383%,876214664.00,United States,2013,1275107,Real Estate,Real Estate Investment Trusts
AHH^A,Armada Hoffler Properties Inc. 6.75% Series A Cumulative Redeemable Perpetual Preferred Stock,$23.87,0.06,0.252%,,United States,,2903,,
AHI,Advanced Health Intelligence Ltd. American Depositary Shares,$1.93,0.01,0.521%,15006024.00,Australia,2021,5671,Consumer Discretionary,Package Goods/Cosmetics
AHL^C,Aspen Insurance Holdings Limited 5.95% Fixed-to-Floating Rate Perpetual Non-Cumulative Preference Shares,$25.08,-0.02,-0.08%,,Bermuda,,186334,,
AHL^D,Aspen Insurance Holdings Limited 5.625% Perpetual Non-Cumulative Preference Shares,$19.86,-0.34,-1.683%,,Bermuda,,19654,,
AHL^E,Aspen Insurance Holdings Limited Depositary Shares each representing a 1/1000th interest in a share of 5.625% Perpetual Non-Cumulative Preference Shares,$19.40,-0.23,-1.172%,,Bermuda,,30017,,
AHT,Ashford Hospitality Trust Inc Common Stock,$2.02,-0.10,-4.717%,69717040.00,United States,2003,1940347,Real Estate,Real Estate Investment Trusts
AHT^D,Ashford Hospitality Trust Inc 8.45% Series D Cumulative Preferred Stock,$13.41,0.06,0.449%,,United States,,18931,,
AHT^F,Ashford Hospitality Trust Inc 7.375% Series F Cumulative Preferred Stock,$12.87,1.16,9.906%,,United States,,28604,,
AHT^G,Ashford Hospitality Trust Inc 7.375% Series G Cumulative Preferred Stock,$14.98,0.28,1.905%,,United States,,3670,,
AHT^H,Ashford Hospitality Trust Inc 7.50% Series H Cumulative Preferred Stock,$12.88,1.13,9.617%,,United States,,28857,,
AHT^I,Ashford Hospitality Trust Inc 7.50% Series I Cumulative Preferred Stock,$13.00,1.10,9.244%,,United States,,30036,,
AI,C3.ai Inc. Class A Common Stock,$31.22,-0.20,-0.637%,3742191450.00,United States,2020,15125904,Technology,Computer Software: Prepackaged Software
AIB,AIB Acquisition Corporation Class A Ordinary Shares,$11.75,0.27,2.352%,0.00,United States,2022,201,Finance,Blank Checks
AIBBR,AIB Acquisition Corporation Right,$0.11,-0.01,-8.333%,0.00,United States,2022,72632,Finance,Blank Checks
AIBBU,AIB Acquisition Corporation Unit,$12.00,0.64,5.634%,0.00,United States,2022,200,Finance,Blank Checks
AIC,Arlington Asset Investment Corp 6.750% Notes due 2025,$23.999,-0.0011,-0.005%,679717101.00,United States,2015,29922,Real Estate,Real Estate Investment Trusts
AIF,Apollo Tactical Income Fund Inc. Common Stock,$14.09,0.06,0.428%,0.00,,2013,200006,Finance,Finance Companies
AIG,American International Group Inc. New Common Stock,$66.01,-0.48,-0.722%,46341683041.00,United States,,7661854,Finance,Life Insurance
AIG^A,American International Group Inc. Depositary Shares Each Representing a 1/1000th Interest in a Share of Series A 5.85% Non-Cumulative Perpetual Preferred Stock,$25.00,-0.01,-0.04%,,United States,,51741,,
AIH,Aesthetic Medical International Holdings Group Ltd. American Depositary Shares,$0.54,0.0298,5.841%,16928053.00,China,2019,3523,Health Care,Medical Specialities
AIHS,Senmiao Technology Limited Common Stock,$0.45,-0.08,-15.094%,4305618.00,China,2018,20250,Finance,Finance: Consumer Services
AIM,AIM ImmunoTech Inc. Common Stock,$0.4732,-0.0519,-9.884%,23112198.00,United States,1997,131082,Health Care,Biotechnology: Biological Products (No Diagnostic Substances)
AIMAU,Aimfinity Investment Corp. I Unit,$10.94,0.02,0.183%,0.00,United States,2022,8275,Finance,Blank Checks
AIMD,Ainos Inc. Common Stock,$3.32,0.5401,19.429%,15530621.00,United States,,26153,Health Care,Biotechnology: Pharmaceutical Preparations
AIMDW,Ainos Inc. Warrants,$0.2798,0.00,0.00%,1308876.00,United States,,2,Health Care,Biotechnology: Pharmaceutical Preparations
AIN,Albany International Corporation Common Stock,$95.34,-0.75,-0.781%,2974608000.00,United States,,709200,Consumer Discretionary,Textiles
AINC,Ashford Inc. (Holding Company) Common Stock,$4.20,-0.2501,-5.62%,13498695.00,United States,2014,10726,Consumer Discretionary,Professional Services
AIO,Virtus Artificial Intelligence & Technology Opportunities Fund Common Shares of Beneficial Interest,$17.35,-0.05,-0.287%,595815864.00,,2019,126177,Finance,Finance/Investors Services
AIP,Arteris Inc. Common Stock,$5.83,-0.15,-2.508%,214861053.00,United States,2021,80903,Technology,Semiconductors
AIR,AAR Corp. Common Stock,$70.96,-0.01,-0.014%,2504532987.00,United States,,992002,Industrials,Aerospace
AIRC,Apartment Income REIT Corp. Common Stock,$34.07,-0.78,-2.238%,5008041664.00,United States,2020,3455616,Real Estate,Real Estate Investment Trusts
AIRE,reAlpha Tech Corp. Common Stock,$2.48,0.23,10.222%,105454786.00,United States,,582203,,
AIRG,Airgain Inc. Common Stock,$3.50,-0.13,-3.581%,36552982.00,United States,2016,45965,Technology,Radio And Television Broadcasting And Communications Equipment
AIRI,Air Industries Group Common Stock,$3.00,-0.0499,-1.636%,9909135.00,United States,,1957,Industrials,Military/Government/Technical
AIRS,AirSculpt Technologies Inc. Common Stock,$6.82,0.31,4.762%,391165710.00,United States,2021,223822,Health Care,Medical/Nursing Services
AIRT,Air T Inc. Common Stock,$16.60,0.31,1.903%,46836966.00,United States,,3175,Consumer Discretionary,Air Freight/Delivery Services
AIRTP,Air T Inc. Air T Funding Alpha Income Trust Preferred Securities,$16.5001,-0.4899,-2.883%,46555098.00,United States,,454,Consumer Discretionary,Air Freight/Delivery Services
AIT,Applied Industrial Technologies Inc. Common Stock,$172.88,-0.96,-0.552%,6700830356.00,United States,,431768,Industrials,Industrial Machinery/Components
AITRU,AI TRANSPORTATION ACQUISITION CORP Unit,$10.20,-0.01,-0.098%,0.00,United States,2023,1038,,
AIU,Meta Data Limited ADS,$0.9953,-0.0027,-0.271%,7271492381.00,,2018,728,Real Estate,Other Consumer Services
AIV,Apartment Investment and Management Company Common Stock,$7.50,-0.08,-1.055%,1093197540.00,United States,1994,2617692,Real Estate,Real Estate Investment Trusts
AIXI,XIAO-I Corporation American Depositary Shares,$2.39,-0.01,-0.417%,172191795.00,China,2023,1396735,Technology,Computer Software: Prepackaged Software
AIZ,Assurant Inc. Common Stock,$163.29,-1.01,-0.615%,8587522340.00,United States,2004,1519525,Finance,Specialty Insurers
AIZN,Assurant Inc. 5.25% Subordinated Notes due 2061,$20.04,-0.11,-0.546%,1053916025.00,United States,2020,23393,Finance,Property-Casualty Insurers
AJG,Arthur J. Gallagher & Co. Common Stock,$222.81,-4.23,-1.863%,48104679000.00,United States,,2558161,Finance,Specialty Insurers
AJX,Great Ajax Corp. Common Stock,$4.90,-0.14,-2.778%,134600124.00,United States,2015,330670,Real Estate,Real Estate Investment Trusts
AJXA,Great Ajax Corp. 7.25% Convertible Senior Notes due 2024,$24.80,-0.05,-0.201%,681241442.00,United States,2017,2434,Real Estate,Real Estate Investment Trusts
AKA,a.k.a. Brands Holding Corp. Common Stock,$10.53,0.6185,6.24%,111904521.00,,2021,11052,Consumer Discretionary,Catalog/Specialty Distribution
AKAM,Akamai Technologies Inc. Common Stock,$119.14,0.81,0.685%,17970073012.00,United States,1999,2888845,Consumer Discretionary,Business Services
AKAN,Akanda Corp. Common Shares,$0.4742,0.0142,3.087%,1839896.00,United Kingdom,2022,41288,Health Care, Medicinal Chemicals and Botanical Products 
AKBA,Akebia Therapeutics Inc. Common Stock,$1.15,0.02,1.77%,216647827.00,United States,2014,1347528,Health Care,Biotechnology: Pharmaceutical Preparations
AKLI,Akili Inc. Common Stock,$0.4171,0.0111,2.734%,32662998.00,United States,2021,31436,Technology,Computer Software: Prepackaged Software
AKO/A,Embotelladora Andina S.A.,$11.94,0.00,0.00%,,Chile,,111,,
AKO/B,Embotelladora Andina S.A.,$15.2052,-0.0648,-0.424%,,Chile,,15294,,
AKR,Acadia Realty Trust Common Stock,$16.94,-0.31,-1.797%,1615071119.00,United States,,1581119,Real Estate,Real Estate Investment Trusts
AKRO,Akero Therapeutics Inc. Common Stock,$22.91,0.59,2.643%,1276311129.00,United States,2019,6228722,Health Care,Biotechnology: Pharmaceutical Preparations
AKTS,Akoustis Technologies Inc. Common Stock,$0.7744,-0.059,-7.079%,56131389.00,United States,,805645,Utilities,Telecommunications Equipment
AKTX,Akari Therapeutics plc ADS,$2.80,-0.28,-9.091%,14156218.00,United Kingdom,,14327,Health Care,Biotechnology: Pharmaceutical Preparations
AKYA,Akoya BioSciences Inc. Common Stock,$4.44,-0.37,-7.692%,217898208.00,United States,2021,545442,Industrials,Medical Specialities
AL,Air Lease Corporation Class A Common Stock,$40.81,-0.70,-1.686%,4531022154.00,United States,2011,1137359,Consumer Discretionary,Diversified Commercial Services
AL^A,Air Lease Corporation 6.150% Fixed-to-Floating Rate Non-Cumulative Perpetual Preferred Stock Series A,$24.90,-0.09,-0.36%,,United States,,17048,,
ALAR,Alarum Technologies Ltd. American Depositary Share,$4.34,0.04,0.93%,14322000.00,Israel,2018,11077,Technology,Computer Software: Prepackaged Software
ALB,Albemarle Corporation Common Stock,$147.06,1.17,0.802%,17257972180.00,United States,,5938148,Industrials,Major Chemicals
ALBT,Avalon GloboCare Corp. Common Stock,$0.4617,0.0217,4.932%,5078485.00,United States,,48399,Health Care,Biotechnology: Biological Products (No Diagnostic Substances)
ALC,Alcon Inc. Ordinary Shares,$75.72,-1.37,-1.777%,37837284000.00,Switzerland,2019,844456,Health Care,Ophthalmic Goods
ALCC,AltC Acquisition Corp. Class A Common Stock,$10.38,-0.20,-1.89%,0.00,,2021,495027,Finance,Blank Checks
ALCO,Alico Inc. Common Stock,$29.45,-0.45,-1.505%,224293585.00,United States,,70006,,
ALCY,Alchemy Investments Acquisition Corp 1 Class A Ordinary Shares,$10.42,0.00,0.00%,0.00,United States,2023,12,Finance,Blank Checks
ALCYU,Alchemy Investments Acquisition Corp 1 Units,$10.73,0.00,0.00%,0.00,United States,2023,1,Finance,Blank Checks
ALCYW,Alchemy Investments Acquisition Corp 1 Warrants,$0.1672,0.0096,6.091%,0.00,United States,2023,523978,Finance,Blank Checks
ALDX,Aldeyra Therapeutics Inc. Common Stock,$3.02,0.04,1.342%,177642691.00,United States,2014,4862139,Health Care,Biotechnology: Pharmaceutical Preparations
ALE,Allete Inc.,$60.30,-0.40,-0.659%,3465887522.00,United States,,1120972,Utilities,Power Generation
ALEC,Alector Inc. Common Stock,$8.28,0.28,3.50%,696649235.00,United States,2019,1454300,Health Care,Biotechnology: Biological Products (No Diagnostic Substances)
ALEX,Alexander & Baldwin Inc. Common Stock REIT Holding Company,$18.29,-0.19,-1.028%,1326689201.00,United States,,1101692,Real Estate,Real Estate Investment Trusts
ALG,Alamo Group Inc. Common Stock,$202.31,-1.64,-0.804%,2430103414.00,United States,,154448,Industrials,Industrial Machinery/Components
ALGM,Allegro MicroSystems Inc. Common Stock,$31.21,0.36,1.167%,6007108515.00,United States,2020,4121551,Technology,Semiconductors
ALGN,Align Technology Inc. Common Stock,$255.01,-2.01,-0.782%,19530989961.00,United States,2001,6477698,Health Care,Industrial Specialties
ALGS,Aligos Therapeutics Inc. Common Stock,$0.5851,0.003,0.515%,43842624.00,United States,2020,603015,Health Care,Biotechnology: Pharmaceutical Preparations
ALGT,Allegiant Travel Company Common Stock,$82.25,1.08,1.331%,1513497055.00,United States,2006,601220,Consumer Discretionary,Air Freight/Delivery Services
ALHC,Alignment Healthcare Inc. Common Stock,$7.93,-0.52,-6.154%,1499561311.00,United States,2021,1549889,Health Care,Medical Specialities
ALIM,Alimera Sciences Inc. Common Stock,$4.00,0.20,5.263%,209667364.00,United States,2010,1520656,Health Care,Biotechnology: Pharmaceutical Preparations
ALIT,Alight Inc. Class A Common Stock,$8.20,-0.26,-3.073%,4534002983.00,United States,2021,12116571,Consumer Discretionary,Business Services
ALK,Alaska Air Group Inc. Common Stock,$38.95,-0.21,-0.536%,4987667349.00,United States,,33770199,Consumer Discretionary,Air Freight/Delivery Services
ALKS,Alkermes plc Ordinary Shares,$27.42,0.47,1.744%,4575884862.00,Ireland,1991,31745258,Health Care,Biotechnology: Pharmaceutical Preparations
ALKT,Alkami Technology Inc. Common Stock,$23.32,0.14,0.604%,2223836873.00,United States,2021,945989,Technology,EDP Services
ALL,Allstate Corporation (The) Common Stock,$139.06,-0.18,-0.129%,36390203120.00,United States,,3198710,Finance,Property-Casualty Insurers
ALL^B,Allstate Corporation (The) 5.100% Fixed-to-Floating Rate Subordinated Debentures due 2053,$25.60,-0.05,-0.195%,,United States,,26792,,
ALL^H,Allstate Corporation (The) Depositary Shares each representing a 1/1000th interest in a share of Fixed Rate Noncumulative Perpetual Preferred Stock Series H,$22.22,0.18,0.817%,,United States,,192445,,
ALL^I,Allstate Corporation (The) Depositary Shares each representing a 1/1000th interest in a share of Fixed Rate Noncumulative Perpetual Preferred Stock Series I,$20.85,-0.02,-0.096%,,United States,,17273,,
ALL^J,Allstate Corporation (The) Depositary Shares each representing a 1/1000th interest in a share of Fixed Rate Noncumulative Perpetual Preferred Stock Series J,$27.55,-0.10,-0.362%,,United States,,50740,,
ALLE,Allegion plc Ordinary Shares,$117.52,-1.06,-0.894%,10316794756.00,United States,2013,1580911,Consumer Discretionary,Diversified Commercial Services
ALLG,Allego N.V. Ordinary Share,$1.39,0.13,10.317%,371380200.00,Netherlands,2022,490540,Consumer Discretionary,Other Specialty Stores
ALLK,Allakos Inc. Common Stock,$3.00,-0.15,-4.762%,262429014.00,United States,2018,2490335,Health Care,Biotechnology: Pharmaceutical Preparations
ALLO,Allogene Therapeutics Inc. Common Stock,$2.71,0.00,0.00%,456029754.00,United States,2018,14590209,Health Care,Biotechnology: Biological Products (No Diagnostic Substances)
ALLR,Allarity Therapeutics Inc. Common Stock,$0.5283,-0.0231,-4.189%,2408321.00,United States,,901936,Health Care,Biotechnology: Pharmaceutical Preparations
ALLT,Allot Ltd. Ordinary Shares,$1.40,-0.07,-4.762%,52318000.00,Israel,2006,78595,Telecommunications,Telecommunications Equipment
ALLY,Ally Financial Inc. Common Stock,$34.88,0.10,0.288%,10520868178.00,United States,2014,7438876,Finance,Major Banks
ALNT,Allient Inc. Common Stock,$31.21,0.12,0.386%,505953393.00,United States,,209351,Industrials,Electrical Products
ALNY,Alnylam Pharmaceuticals Inc. Common Stock,$185.24,-1.24,-0.665%,23246309797.00,United States,2004,1209947,Health Care,Biotechnology: Pharmaceutical Preparations
ALOT,AstroNova Inc. Common Stock,$15.83,0.18,1.15%,117661208.00,United States,1983,10441,Technology,Computer peripheral equipment
ALPN,Alpine Immune Sciences Inc. Common Stock,$18.90,0.02,0.106%,1098051463.00,United States,2015,2970733,Health Care,Biotechnology: Pharmaceutical Preparations
ALPP,Alpine 4 Holdings Inc. Class A Common Stock,$0.749,0.00,0.00%,19967742.00,United States,,39517,Telecommunications,Telecommunications Equipment
ALRM,Alarm.com Holdings Inc. Common Stock,$60.77,-0.19,-0.312%,3037757634.00,United States,2015,626286,Technology,Computer Software: Prepackaged Software
ALRN,Aileron Therapeutics Inc. Common Stock,$3.80,-1.57,-29.236%,17256435.00,United States,2017,816813,Health Care,Biotechnology: Pharmaceutical Preparations
ALRS,Alerus Financial Corporation Common Stock,$22.55,1.30,6.118%,445948935.00,United States,2019,227774,Finance,Major Banks
ALSA,Alpha Star Acquisition Corporation Ordinary Shares,$11.18,0.00,0.00%,0.00,United States,2022,2212,Finance,Blank Checks
ALSAR,Alpha Star Acquisition Corporation Rights,$0.07,0.00,0.00%,0.00,United States,2022,5,Finance,Blank Checks
ALSAU,Alpha Star Acquisition Corporation Units,$11.20,0.00,0.00%,0.00,United States,2021,10,Finance,Blank Checks
ALSAW,Alpha Star Acquisition Corporation Warrants,$0.0067,0.0017,34.00%,0.00,United States,2022,30300,Finance,Blank Checks
ALSN,Allison Transmission Holdings Inc. Common Stock,$58.97,-0.02,-0.034%,5276913467.00,United States,2012,1211220,Consumer Discretionary,Auto Parts:O.E.M.
ALT,Altimmune Inc. Common Stock,$7.67,0.67,9.571%,412100441.00,United States,,14709098,Health Care,Biotechnology: Pharmaceutical Preparations
ALTG,Alta Equipment Group Inc. Class A Common Stock,$12.15,0.35,2.966%,393272561.00,United States,2019,922283,Industrials,Industrial Machinery/Components
ALTG^A,Alta Equipment Group Inc. Depositary Shares (each representing 1/1000th in a share of 10% Series A Cumulative Perpetual Preferred Stock),$25.91,-0.07,-0.269%,,United States,,2265,,
ALTI,AlTi Global Inc. Class A Common Stock,$8.42,0.09,1.08%,993481029.00,United States,2021,353619,Finance,Investment Managers
ALTO,Alto Ingredients Inc. Common Stock,$2.82,-0.06,-2.083%,214712262.00,United States,,2120457,Industrials,Major Chemicals
ALTR,Altair Engineering Inc. Class A Common Stock,$74.18,-0.17,-0.229%,6057670099.00,United States,2017,511647,Technology,Computer Software: Prepackaged Software
ALTU,Altitude Acquisition Corp. Class A Common Stock,$10.27,0.02,0.195%,0.00,United States,2021,4721,Finance,Blank Checks
ALTUW,Altitude Acquisition Corp. Warrant,$0.03,0.00,0.00%,0.00,United States,2021,13344,Finance,Blank Checks
ALUR,Allurion Technologies Inc. Common Stock,$3.54,0.10,2.907%,168177226.00,,,41160,,
ALV,Autoliv Inc. Common Stock,$103.33,-2.34,-2.214%,8695047146.00,Sweden,,1231076,Consumer Discretionary,Auto Parts:O.E.M.
ALVO,Alvotech Ordinary Shares,$10.63,-0.12,-1.116%,2801111300.00,Luxembourg,,26368,Health Care,Biotechnology: Pharmaceutical Preparations
ALVOW,Alvotech Warrant,$2.49,0.12,5.063%,619137270.00,Luxembourg,,146,Health Care,Biotechnology: Biological Products (No Diagnostic Substances)
ALVR,AlloVir Inc. Common Stock,$2.37,-0.02,-0.837%,270330106.00,United States,2020,1533830,Health Care,Biotechnology: Pharmaceutical Preparations
ALX,Alexander's Inc. Common Stock,$200.50,-0.09,-0.045%,1024011645.00,United States,,33776,Real Estate,Real Estate Investment Trusts
ALXO,ALX Oncology Holdings Inc. Common Stock,$13.55,0.36,2.729%,675044903.00,United States,2020,2172660,Health Care,Biotechnology: Pharmaceutical Preparations
ALYA,Alithya Group inc. Class A Subordinate Voting Shares,$1.12,0.01,0.901%,106561934.00,Canada,,104609,Technology,Computer Software: Programming Data Processing
ALZN,Alzamend Neuro Inc. Common Stock,$1.00,-0.05,-4.762%,6466655.00,United States,2021,45487,Health Care, Medicinal Chemicals and Botanical Products 
AM,Antero Midstream Corporation Common Stock,$12.41,-0.26,-2.052%,5953238330.00,United States,2017,5941440,Utilities,Natural Gas Distribution
AMAL,Amalgamated Financial Corp. Common Stock (DE),$26.02,-0.34,-1.29%,790841602.00,United States,2018,245242,Finance,Commercial Banks
AMAM,Ambrx Biopharma Inc. Common Stock,$14.71,1.25,9.287%,919963400.00,United States,,3085671,Health Care,Biotechnology: Biological Products (No Diagnostic Substances)
AMAT,Applied Materials Inc. Common Stock,$161.95,0.21,0.13%,135476657331.00,United States,1972,8577172,Technology,Semiconductors
AMBA,Ambarella Inc. Ordinary Shares,$64.07,0.04,0.062%,2578694037.00,United States,2012,1506243,Technology,Semiconductors
AMBC,Ambac Financial Group Inc. Common Stock,$15.92,-0.15,-0.933%,719497029.00,United States,,2114621,Finance,Property-Casualty Insurers
AMBI,Ambipar Emergency Response Class A Ordinary Shares,$7.00,0.21,3.093%,388008950.00,,,1911,Industrials,Environmental Services
AMBO,Ambow Education Holding Ltd. American Depository Shares each representing two Class A ordinary shares,$0.15,-0.0195,-11.504%,3909564.00,China,,193971,Real Estate,Other Consumer Services
AMBP,Ardagh Metal Packaging S.A. Ordinary Shares,$3.95,-0.05,-1.25%,2360480500.00,,,1304622,Industrials,Containers/Packaging
AMC,AMC Entertainment Holdings Inc. Class A Common Stock,$6.65,-0.06,-0.894%,1319073372.00,United States,2013,36591297,Consumer Discretionary,Movies/Entertainment
AMCR,Amcor plc Ordinary Shares,$9.60,-0.11,-1.133%,13875294835.00,,2019,22032159,Consumer Discretionary,Miscellaneous manufacturing industries
AMCX,AMC Networks Inc. Class A Common Stock,$20.53,0.97,4.959%,894233997.00,United States,,6836965,Telecommunications,Cable & Other Pay Television Services
AMD,Advanced Micro Devices Inc. Common Stock,$139.15,1.15,0.833%,224796670683.00,United States,,70178000,Technology,Semiconductors
AME,AMETEK Inc.,$163.13,-0.94,-0.573%,37650184916.00,United States,,1451255,Industrials,Industrial Machinery/Components
AMED,Amedisys Inc Common Stock,$94.55,-0.44,-0.463%,3085482959.00,United States,,761844,Health Care,Medical/Nursing Services
AMEH,Apollo Medical Holdings Inc. Common Stock,$36.15,-0.79,-2.139%,2106951742.00,United States,,1470489,Consumer Discretionary,Professional Services
AMG,Affiliated Managers Group Inc. Common Stock,$150.36,-3.08,-2.007%,5083466509.00,United States,,853401,Finance,Investment Managers
AMGN,Amgen Inc. Common Stock,$275.45,-0.87,-0.315%,147414787537.00,United States,1983,8730993,Health Care,Biotechnology: Pharmaceutical Preparations
AMH,American Homes 4 Rent Common Shares of Beneficial Interest,$35.55,-0.93,-2.549%,12871088063.00,United States,2013,4499972,Real Estate,Real Estate Investment Trusts
AMH^G,American Homes 4 Rent Series G cumulative redeemable perpetual preferred shares of beneficial interest,$23.82,-0.25,-1.039%,,United States,,4093,,
AMH^H,American Homes 4 Rent Series H cumulative redeemable perpetual Preferred Shares of Beneficial Interest,$24.61,-0.25,-1.006%,,United States,,10137,,
AMK,AssetMark Financial Holdings Inc. Common Stock,$26.46,-0.66,-2.434%,1965061373.00,United States,2019,225123,Finance,Investment Managers
AMKR,Amkor Technology Inc. Common Stock,$33.40,0.11,0.33%,8208655008.00,United States,1998,4031997,Technology,Semiconductors
AMLI,American Lithium Corp. Common Stock,$1.27,0.12,10.435%,272612884.00,Canada,,806597,Basic Materials,Metal Mining
AMLX,Amylyx Pharmaceuticals Inc. Common Stock,$14.23,-0.51,-3.46%,960777625.00,United States,2022,2125946,Health Care,Biotechnology: Pharmaceutical Preparations
AMN,AMN Healthcare Services Inc,$70.11,-1.22,-1.71%,2649396605.00,United States,,2220641,Health Care,Assisted Living Services
AMNB,American National Bankshares Inc. Common Stock,$48.93,0.43,0.887%,520076334.00,United States,,77652,Finance,Major Banks
AMP,Ameriprise Financial Inc. Common Stock,$377.85,-2.13,-0.561%,38236981147.00,United States,,1214273,Finance,Investment Managers
AMPE,Ampio Pharmaceuticals Inc.,$1.9992,-0.0508,-2.478%,1663376.00,United States,2022,25116,Health Care,Biotechnology: Pharmaceutical Preparations
AMPG,Amplitech Group Inc. Common Stock,$1.82,0.07,4.00%,17630546.00,United States,,49696,Technology,Industrial Machinery/Components
AMPGW,Amplitech Group Inc. Warrants,$0.176,0.00,0.00%,1704932.00,United States,,99,Telecommunications,Telecommunications Equipment
AMPH,Amphastar Pharmaceuticals Inc. Common Stock,$56.60,-1.56,-2.682%,2711559463.00,United States,2014,925966,Health Care,Biotechnology: Pharmaceutical Preparations
AMPL,Amplitude Inc. Class A Common Stock,$13.19,0.31,2.407%,1570270793.00,United States,,1515144,Technology,EDP Services
AMPS,Altus Power Inc. Class A Common Stock,$6.41,-0.10,-1.536%,1025511164.00,United States,2021,4123867,Utilities,Electric Utilities: Central
AMPX,Amprius Technologies Inc. Common Stock,$3.48,-0.06,-1.695%,307618553.00,United States,2022,601880,Miscellaneous,Industrial Machinery/Components
AMPY,Amplify Energy Corp. Common Stock,$5.81,-0.09,-1.525%,227151827.00,United States,2016,531536,Energy,Oil & Gas Production
AMR,Alpha Metallurgical Resources Inc. Common Stock,$315.89,19.81,6.691%,4196154509.00,United States,2018,1453547,Energy,Coal Mining
AMRC,Ameresco Inc. Class A Common Stock,$33.86,-2.66,-7.284%,1768661017.00,United States,2010,1461173,Consumer Discretionary,Engineering & Construction
AMRK,A-Mark Precious Metals Inc. Common Stock,$29.81,-0.43,-1.422%,691919433.00,United States,,271113,Finance,Investment Bankers/Brokers/Service
AMRN,Amarin Corporation plc,$0.83,0.0019,0.229%,338882206.00,Ireland,,1561841,Health Care,Biotechnology: Pharmaceutical Preparations
AMRX,Amneal Pharmaceuticals Inc. Class A Common Stock,$5.19,0.19,3.80%,1590964393.00,United States,2018,3185440,Health Care,Biotechnology: Pharmaceutical Preparations
AMS,American Shared Hospital Services Common Stock,$2.38,0.01,0.422%,14994000.00,United States,1988,24562,Health Care,Medical Specialities
AMSC,American Superconductor Corporation Common Stock,$11.15,0.16,1.456%,338051398.00,United States,1991,843588,Consumer Discretionary,Metal Fabrications
AMSF,AMERISAFE Inc. Common Stock,$45.44,-1.46,-3.113%,871618675.00,United States,2005,379846,Finance,Property-Casualty Insurers
AMST,Amesite Inc. Common Stock,$1.79,0.02,1.13%,4550968.00,United States,2020,46790,Technology,Computer Software: Prepackaged Software
AMSWA,American Software Inc. Class A Common Stock,$10.42,-0.28,-2.617%,356014409.00,United States,,257656,Technology,Computer Software: Prepackaged Software
AMT,American Tower Corporation (REIT) Common Stock,$212.15,-0.02,-0.009%,98896929784.00,United States,,3722380,Real Estate,Real Estate Investment Trusts
AMTB,Amerant Bancorp Inc. Class A Common Stock,$24.67,-0.33,-1.32%,828341975.00,United States,,203598,Finance,Major Banks
AMTD,AMTD IDEA Group American Depositary Shares each representing six (6) Class A Ordinary Shares,$1.79,-0.0007,-0.039%,85966069.00,,,25583,Finance,Finance: Consumer Services
AMTI,Applied Molecular Transport Inc. Common Stock,$0.1997,0.0237,13.466%,8254912.00,United States,2020,1240545,Health Care,Biotechnology: Pharmaceutical Preparations
AMTX,Aemetis Inc. (DE) Common Stock,$4.92,-0.22,-4.28%,194100229.00,United States,,691137,Industrials,Major Chemicals
AMWD,American Woodmark Corporation Common Stock,$92.36,-0.07,-0.076%,1480198119.00,United States,1986,616239,Consumer Discretionary,Building Products
AMWL,American Well Corporation Class A Common Stock,$1.36,-0.02,-1.449%,391094161.00,United States,2020,6641084,Technology,Retail: Computer Software & Peripheral Equipment
AMX,America Movil S.A.B. de C.V. American Depositary Shares (each representing the right to receive twenty (20) Series B Shares,$18.73,-0.18,-0.952%,59303862500.00,Mexico,2023,1915246,Telecommunications,Telecommunications Equipment
AMZN,Amazon.com Inc. Common Stock,$149.97,2.55,1.73%,1549794566982.00,United States,1997,110039021,Consumer Discretionary,Catalog/Specialty Distribution
AN,AutoNation Inc. Common Stock,$147.61,-1.50,-1.006%,6276446429.00,United States,,687896,Consumer Discretionary,Other Specialty Stores
ANAB,AnaptysBio Inc. Common Stock,$19.24,0.20,1.05%,511306425.00,United States,2017,1276033,Health Care,Biotechnology: Pharmaceutical Preparations
ANDE,Andersons Inc. (The) Common Stock,$54.74,0.34,0.625%,1847602052.00,United States,,623835,Industrials,Farming/Seeds/Milling
ANEB,Anebulo Pharmaceuticals Inc. Common Stock,$1.96,0.06,3.158%,50241105.00,United States,2021,10238,Health Care,Biotechnology: Pharmaceutical Preparations
ANET,Arista Networks Inc. Common Stock,$235.60,4.57,1.978%,73295193455.00,United States,2014,2869098,Telecommunications,Computer Communications Equipment
ANF,Abercrombie & Fitch Company Common Stock,$84.17,0.35,0.418%,4242632450.00,United States,,2907801,Consumer Discretionary,Clothing/Shoe/Accessory Stores
ANGH,Anghami Inc. Ordinary Shares,$0.94,-0.01,-1.053%,24449400.00,United Arab Emirates,,64233,Consumer Discretionary,Telecommunications Equipment
ANGHW,Anghami Inc. Warrants,$0.0734,0.0034,4.857%,1908815.00,United Arab Emirates,,2012,Consumer Discretionary,Telecommunications Equipment
ANGI,Angi Inc. Class A Common Stock,$2.48,-0.05,-1.976%,1257745013.00,United States,,1217001,Technology,EDP Services
ANGO,AngioDynamics Inc. Common Stock,$7.48,-0.03,-0.399%,298052875.00,United States,2004,1351022,Health Care,Medical/Dental Instruments
ANIK,Anika Therapeutics Inc. Common Stock,$22.32,-0.24,-1.064%,326784576.00,United States,,141610,Health Care,Medical/Dental Instruments
ANIP,ANI Pharmaceuticals Inc.,$52.91,0.01,0.019%,1073407657.00,United States,,577023,Health Care,Biotechnology: Pharmaceutical Preparations
ANIX,Anixa Biosciences Inc. Common Stock,$3.75,-0.05,-1.316%,116512583.00,United States,,227267,Health Care,Biotechnology: Pharmaceutical Preparations
ANL,Adlai Nortye Ltd. American Depositary Shares,$9.10,-0.41,-4.311%,335792439.00,Cayman Islands,2023,2311,,
ANNX,Annexon Inc. Common Stock,$2.79,0.10,3.717%,148536768.00,United States,2020,558602,Health Care,Biotechnology: Pharmaceutical Preparations
ANSCU,Agriculture & Natural Solutions Acquisition Corporation Unit,$10.135,-0.005,-0.049%,0.00,United States,2023,442529,,
ANSS,ANSYS Inc. Common Stock,$295.47,0.57,0.193%,25668307102.00,United States,1996,1413140,,
ANTE,AirNet Technology Inc. American Depositary Shares,$0.702,-0.0563,-7.425%,6264428.00,China,2007,787,Consumer Discretionary,Advertising
ANTX,AN2 Therapeutics Inc. Common Stock,$20.70,0.27,1.322%,615647912.00,United States,2022,623766,Health Care,Biotechnology: Pharmaceutical Preparations
ANVS,Annovis Bio Inc. Common Stock,$10.90,0.14,1.301%,111858776.00,United States,2020,172472,Health Care,Biotechnology: Pharmaceutical Preparations
ANY,Sphere 3D Corp. Common Shares,$1.42,-0.05,-3.401%,20384577.00,Canada,,1066895,Finance,Finance: Consumer Services
AOD,abrdn Total Dynamic Dividend Fund Common Shares of Beneficial Interest,$8.08,0.03,0.373%,0.00,United States,2007,288620,Finance,Investment Managers
AOGO,Arogo Capital Acquisition Corp. Class A Common Stock,$10.71,0.00,0.00%,0.00,United States,2022,54,Technology,Computer Software: Prepackaged Software
AOGOW,Arogo Capital Acquisition Corp. Warrant,$0.0159,0.0059,59.00%,0.00,United States,2022,58000,Technology,Computer Software: Prepackaged Software
AOMR,Angel Oak Mortgage REIT Inc. Common Stock,$11.09,0.20,1.837%,276864889.00,United States,2021,203713,Real Estate,Real Estate Investment Trusts
AON,Aon plc Class A Ordinary Shares (Ireland),$310.43,-7.60,-2.39%,62153159978.00,United States,,2907601,Finance,Specialty Insurers
AONC,American Oncology Network Inc. Class A Common Stock,$5.94,-0.17,-2.782%,205878321.00,United States,2021,25554,Health Care,Medical/Nursing Services
AONCW,American Oncology Network Inc. Warrant,$0.2599,0.00,0.00%,9008043.00,United States,2021,4600,Health Care,Medical/Nursing Services
AORT,Artivion Inc. Common Stock,$18.57,-0.26,-1.381%,762272651.00,United States,,986722,Health Care,Medical/Dental Instruments
AOS,A.O. Smith Corporation Common Stock,$79.20,-1.39,-1.725%,11778657898.00,United States,,2910372,Consumer Discretionary,Consumer Electronics/Appliances
AOSL,Alpha and Omega Semiconductor Limited Common Shares,$24.87,-0.55,-2.164%,691001037.00,Bermuda,2010,913761,Technology,Semiconductors
AOUT,American Outdoor Brands Inc. Common Stock ,$7.55,0.04,0.533%,97671821.00,United States,,65044,Industrials,Ordnance And Accessories
AP,Ampco-Pittsburgh Corporation Common Stock,$2.62,0.02,0.769%,52048262.00,United States,,60730,Industrials,Fluid Controls
APA,APA Corporation Common Stock,$35.35,-0.39,-1.091%,10842531532.00,United States,,9915223,Energy,Oil & Gas Production
APAC,StoneBridge Acquisition Corporation Class A Ordinary Shares,$10.38,0.00,0.00%,0.00,United States,2021,1196,Finance,Blank Checks
APACU,StoneBridge Acquisition Corporation Unit,$10.52,-0.435,-3.971%,0.00,United States,2021,300,Finance,Blank Checks
APACW,StoneBridge Acquisition Corporation Warrant,$0.0175,-0.0037,-17.453%,0.00,United States,2021,36677,Finance,Blank Checks
APAM,Artisan Partners Asset Management Inc. Class A Common Stock,$45.24,0.45,1.005%,3617429623.00,United States,2013,1371750,Finance,Investment Managers
APCA,AP Acquisition Corp Class A Ordinary Shares,$11.08,0.00,0.00%,0.00,,2022,100,Finance,Blank Checks
APCX,AppTech Payments Corp. Common Stock,$1.45,0.07,5.072%,30001866.00,United States,,101404,Finance,Finance: Consumer Services
APCXW,AppTech Payments Corp. Warrant,$0.28,0.00,0.00%,5793464.00,United States,,16,Finance,Finance: Consumer Services
APD,Air Products and Chemicals Inc. Common Stock,$270.86,0.05,0.018%,60187184664.00,United States,,3312933,Industrials,Major Chemicals
APDN,Applied DNA Sciences Inc. Common Stock,$0.621,-0.079,-11.286%,8499888.00,United States,,171364,Health Care,Biotechnology: In Vitro & In Vivo Diagnostic Substances
APEI,American Public Education Inc. Common Stock,$8.11,-1.18,-12.702%,144225118.00,United States,2007,218786,Real Estate,Other Consumer Services
APG,APi Group Corporation Common Stock,$33.32,0.30,0.909%,7848831544.00,United States,2020,3104609,Consumer Discretionary,Engineering & Construction
APGE,Apogee Therapeutics Inc. Common Stock,$22.84,-0.40,-1.721%,1157400921.00,United States,2023,761785,Health Care,Biotechnology: Biological Products (No Diagnostic Substances)
APH,Amphenol Corporation Common Stock,$99.28,0.47,0.476%,59400239734.00,United States,,5623924,Technology,Electrical Products
API,Agora Inc. American Depositary Shares,$2.65,0.12,4.743%,284836750.00,China,2020,1000723,Technology,Computer Software: Prepackaged Software
APLD,Applied Digital Corporation Common Stock,$6.51,-0.05,-0.762%,692014595.00,United States,2022,4873160,Finance,Investment Bankers/Brokers/Service
APLE,Apple Hospitality REIT Inc. Common Shares,$17.14,-0.27,-1.551%,3921755442.00,United States,2015,7849807,Real Estate,Real Estate Investment Trusts
APLM,Apollomics Inc. Class A Ordinary Shares,$0.787,-0.0029,-0.367%,68308326.00,United States,,287293,Finance,Blank Checks
APLMW,Apollomics Inc. Warrant,$0.0325,-0.0075,-18.75%,2820865.00,United States,,12100,Finance,Blank Checks
APLS,Apellis Pharmaceuticals Inc. Common Stock,$52.68,0.50,0.958%,6242577103.00,United States,2017,5545039,Health Care,Biotechnology: Pharmaceutical Preparations
APLT,Applied Therapeutics Inc. Common Stock,$2.96,0.11,3.86%,228598453.00,United States,2019,1750303,Health Care,Biotechnology: Pharmaceutical Preparations
APM,Aptorum Group Limited Class A Ordinary Shares,$1.9802,-0.1298,-6.152%,8260167.00,Hong Kong,2018,3428,Health Care,Biotechnology: Pharmaceutical Preparations
APO,Apollo Global Management Inc. (New) Common Stock,$94.48,1.35,1.45%,53552128775.00,United States,,3978901,Finance,Investment Managers
APO^A,Apollo Global Management Inc. 6.75% Series A Mandatory Convertible Preferred Stock,$56.66,0.73,1.305%,,United States,,54875,,
APOG,Apogee Enterprises Inc. Common Stock,$51.64,0.27,0.526%,1139816515.00,United States,,391716,Consumer Discretionary,Auto Parts:O.E.M.
APOS,Apollo Global Management Inc. 7.625% Fixed-Rate Resettable Junior Subordinated Notes due 2053,$27.00,0.01,0.037%,0.00,United States,1987,52959,,
APP,Applovin Corporation Class A Common Stock,$39.95,1.26,3.257%,13415272801.00,United States,2021,4499762,Technology,EDP Services
APPF,AppFolio Inc. Class A Common Stock,$178.61,-1.57,-0.871%,6387470110.00,United States,2015,407519,Technology,Computer Software: Prepackaged Software
APPN,Appian Corporation Class A Common Stock,$38.32,0.92,2.46%,3198241231.00,United States,2017,1306165,Technology,Computer Software: Prepackaged Software
APPS,Digital Turbine Inc. Common Stock,$6.59,-0.22,-3.231%,667617143.00,United States,,3840826,Miscellaneous,Multi-Sector Companies
APRE,Aprea Therapeutics Inc. Common stock,$3.84,-0.31,-7.47%,14348824.00,United States,2019,2048,Health Care,Biotechnology: Pharmaceutical Preparations
APT,Alpha Pro Tech Ltd. Common Stock,$5.29,-0.10,-1.855%,61613138.00,Canada,2000,40137,,
APTM,Alpha Partners Technology Merger Corp. Class A Ordinary Shares,$10.665,0.005,0.047%,0.00,United States,2021,944,,
APTMU,Alpha Partners Technology Merger Corp. Unit,$10.73,0.09,0.846%,0.00,United States,2021,400,,
APTMW,Alpha Partners Technology Merger Corp. Warrant,$0.003,0.00,0.00%,0.00,United States,2021,67,,
APTO,Aptose Biosciences Inc. Common Shares,$2.39,-0.05,-2.049%,18027196.00,Canada,,53930,Health Care,Biotechnology: Biological Products (No Diagnostic Substances)
APTV,Aptiv PLC Ordinary Shares,$87.20,-1.65,-1.857%,24665579393.00,United Kingdom,2011,5073869,Consumer Discretionary,Auto Parts:O.E.M.
APVO,Aptevo Therapeutics Inc. Common Stock,$0.172,-0.004,-2.273%,3030085.00,United States,,408937,Health Care,Biotechnology: Pharmaceutical Preparations
APWC,Asia Pacific Wire & Cable Corporation Ltd. Ordinary Shares (Bermuda),$1.29,-0.0599,-4.437%,26599800.00,Taiwan,,6238,Industrials,Telecommunications Equipment
APXI,APx Acquisition Corp. I Class A Ordinary Share,$11.17,0.06,0.54%,0.00,Mexico,2022,598974,Finance,Blank Checks
APXIW,APx Acquisition Corp. I Warrant,$0.0354,0.00,0.00%,0.00,Mexico,2022,6900,Finance,Blank Checks
APYX,Apyx Medical Corporation Common Stock,$2.35,-0.06,-2.49%,81413059.00,United States,,70291,Health Care,Medical/Dental Instruments
AQB,AquaBounty Technologies Inc. Common Stock,$2.26,-0.17,-6.996%,8693705.00,United States,,103952,Consumer Staples,Meat/Poultry/Fish
AQMS,Aqua Metals Inc. Common Stock,$0.887,-0.003,-0.337%,95628771.00,United States,2015,379612,Industrials,Metal Fabrications
AQN,Algonquin Power & Utilities Corp. Common Shares,$6.47,-0.05,-0.767%,4458735988.00,United States,2016,7772790,Utilities,Electric Utilities: Central
AQNB,Algonquin Power & Utilities Corp. 6.20% Fixed-to-Floating Subordinated Notes Series 2019-A due July 1 2079,$24.31,-0.23,-0.937%,16752994105.00,United States,2019,40469,Utilities,Electric Utilities: Central
AQNU,Algonquin Power & Utilities Corp. Corporate Units,$22.42,-0.13,-0.576%,15450519450.00,United States,2021,73347,Utilities,Electric Utilities: Central
AQST,Aquestive Therapeutics Inc. Common Stock,$2.00,-0.01,-0.498%,133534566.00,United States,2018,473844,Health Care,Biotechnology: Pharmaceutical Preparations
AQU,Aquaron Acquisition Corp. Common Stock,$10.65,0.00,0.00%,0.00,United States,2022,1,Finance,Blank Checks
AQUNR,Aquaron Acquisition Corp. Rights,$0.20,-0.03,-13.043%,0.00,United States,2022,66654,Finance,Blank Checks
AR,Antero Resources Corporation Common Stock,$21.99,0.12,0.549%,6608962560.00,United States,2013,14949335,Energy,Oil & Gas Production
ARAV,Aravive Inc. Common Stock,$0.1385,0.0072,5.484%,10188427.00,United States,2014,1466436,Health Care,Biotechnology: Pharmaceutical Preparations
ARAY,Accuray Incorporated Common Stock,$2.67,-0.11,-3.957%,259182729.00,United States,2007,905815,Health Care,Medical/Dental Instruments
ARBB,ARB IOT Group Limited Ordinary Shares,$0.8354,0.0064,0.772%,22085888.00,Malaysia,2023,5552,Technology,EDP Services
ARBE,Arbe Robotics Ltd. Ordinary Shares,$2.14,0.17,8.629%,138779000.00,Israel,,72827,Technology,EDP Services
ARBEW,Arbe Robotics Ltd. Warrant,$0.17,0.0025,1.493%,11024164.00,Israel,,100557,Technology,EDP Services
ARBK,Argo Blockchain plc American Depositary Shares,$2.07,-0.07,-3.271%,1108123094.00,United Kingdom,2021,1023102,Finance,Finance: Consumer Services
ARBKL,Argo Blockchain plc 8.75% Senior Notes due 2026,$10.25,-0.04,-0.389%,5487082952.00,United Kingdom,,5136,Technology,EDP Services
ARC,ARC Document Solutions Inc. Common Stock,$2.99,0.04,1.356%,128455770.00,United States,2004,110430,Consumer Discretionary,Professional Services
ARCB,ArcBest Corporation Common Stock,$114.17,1.06,0.937%,2701475470.00,United States,,1291055,Industrials,Trucking Freight/Courier Services
ARCC,Ares Capital Corporation Common Stock,$19.58,-0.16,-0.811%,11149569411.00,United States,2004,4683777,Finance,Finance: Consumer Services
ARCH,Arch Resources Inc. Class A Common Stock,$157.90,1.69,1.082%,2900537734.00,United States,2016,460742,Energy,Coal Mining
ARCO,Arcos Dorados Holdings Inc. Class A Shares,$12.18,-0.14,-1.136%,1590586200.00,Argentina,2011,1637034,Consumer Discretionary,Restaurants
ARCT,Arcturus Therapeutics Holdings Inc. Common Stock,$28.88,0.84,2.996%,771769828.00,Israel,2013,809275,Health Care,Biotechnology: Pharmaceutical Preparations
ARDC,Ares Dynamic Credit Allocation Fund Inc. Common Shares,$13.37,-0.04,-0.298%,306372734.00,United States,2012,118065,Finance,Investment Managers
ARDX,Ardelyx Inc. Common Stock,$5.91,0.11,1.897%,1371933860.00,United States,2014,13440546,Health Care,Biotechnology: Pharmaceutical Preparations
ARE,Alexandria Real Estate Equities Inc. Common Stock,$130.14,-4.31,-3.206%,22615137844.00,United States,,3002794,Real Estate,Real Estate Investment Trusts
AREB,American Rebel Holdings Inc. Common Stock,$0.31,-0.003,-0.958%,1556175.00,United States,,142094,Industrials,Plastic Products
AREBW,American Rebel Holdings Inc. Warrants,$0.011,0.00,0.00%,55219.00,United States,,5000,Industrials,Plastic Products
AREC,American Resources Corporation Class A Common Stock,$1.44,-0.045,-3.03%,112706407.00,United States,,314507,Energy,Coal Mining
AREN,The Arena Group Holdings Inc. Common Stock,$2.36,-0.20,-7.813%,56250343.00,United States,2022,84157,Health Care,Medical/Dental Instruments
ARES,Ares Management Corporation Class A Common Stock,$116.65,2.55,2.235%,35836094443.00,United States,2014,2162585,Finance,Investment Managers
ARGD,Argo Group International Holdings Ltd. 6.5% Senior Notes Due 2042,$23.34,0.08,0.344%,821930167.00,Bermuda,,14991,Finance,Specialty Insurers
ARGO^A,Argo Group International Holdings Inc. Depositary Shares Each Representing a 1/1000th Interest in a 7.00% Resettable Fixed Rate Preference Share Series A,$24.55,-0.30,-1.207%,,Bermuda,,22144,,
ARGX,argenx SE American Depositary Shares,$463.00,-1.77,-0.381%,25648281328.00,Netherlands,2017,338543,Health Care,Biotechnology: Biological Products (No Diagnostic Substances)
ARHS,Arhaus Inc. Class A Common Stock,$10.76,0.03,0.28%,1509444069.00,United States,2021,1030637,Consumer Discretionary,Other Specialty Stores
ARI,Apollo Commercial Real Estate Finance Inc,$12.11,-0.22,-1.784%,1711852707.00,United States,2009,5055355,Real Estate,Real Estate Investment Trusts
ARIS,Aris Water Solutions Inc. Class A Common Stock,$7.88,-0.43,-5.174%,454616853.00,United States,2021,498207,Utilities,Water Supply
ARIZ,Arisz Acquisition Corp. Common Stock,$10.80,0.00,0.00%,0.00,United States,2021,2,Finance,Blank Checks
ARIZR,Arisz Acquisition Corp. Right,$0.0945,-0.0225,-19.231%,0.00,United States,2021,3258,Finance,Blank Checks
ARIZW,Arisz Acquisition Corp. Warrant,$0.0155,0.00,0.00%,0.00,United States,2021,27689,Finance,Blank Checks
ARKO,ARKO Corp. Common Stock,$7.83,-0.08,-1.011%,914616052.00,United States,,690695,Energy,Oil Refining/Marketing
ARKOW,ARKO Corp. Warrant,$1.12,-0.05,-4.274%,130826306.00,United States,,1200,Energy,Oil Refining/Marketing
ARKR,Ark Restaurants Corp. Common Stock,$15.35,0.11,0.722%,55323810.00,United States,,5589,Consumer Discretionary,Restaurants
ARL,American Realty Investors Inc. Common Stock,$16.78,0.00,0.00%,271031282.00,United States,,8523,Real Estate,Other Consumer Services
ARLO,Arlo Technologies Inc. Common Stock,$10.16,0.15,1.499%,961426647.00,United States,2018,2955465,Consumer Staples,Consumer Electronics/Appliances
ARLP,Alliance Resource Partners L.P. Common Units representing Limited Partners Interests,$19.21,-0.33,-1.689%,2442079645.00,United States,1999,613332,Energy,Coal Mining
ARM,Arm Holdings plc American Depositary Shares,$71.03,0.295,0.417%,72822371020.00,United Kingdom,2023,7056390,,
ARMK,Aramark Common Stock,$27.20,-0.38,-1.378%,7113030901.00,United States,2013,6803956,Consumer Discretionary,Restaurants
ARMN,Aris Mining Corporation Common Shares,$3.11,-0.03,-0.955%,428660443.00,,2023,70462,,
ARMP,Armata Pharmaceuticals Inc. Common Stock,$2.40,-0.32,-11.765%,86751778.00,United States,,16010,Health Care,Biotechnology: Biological Products (No Diagnostic Substances)
AROC,Archrock Inc. Common Stock,$15.01,0.07,0.469%,2342430445.00,United States,,6751542,Energy,Oil & Gas Production
AROW,Arrow Financial Corporation Common Stock,$27.99,-1.01,-3.483%,477376895.00,United States,,226808,Finance,Major Banks
ARQQ,Arqit Quantum Inc. Ordinary Shares,$0.513,-0.0019,-0.369%,83903340.00,United Kingdom,,1648246,Technology,Computer Software: Prepackaged Software
ARQQW,Arqit Quantum Inc. Warrants,$0.118,0.0329,38.66%,19299404.00,United Kingdom,,5332,Technology,Computer Software: Prepackaged Software
ARQT,Arcutis Biotherapeutics Inc. Common Stock,$2.44,-0.10,-3.937%,230292261.00,United States,2020,11951509,Health Care,Biotechnology: Pharmaceutical Preparations
ARR,ARMOUR Residential REIT Inc.,$19.29,-0.55,-2.772%,945120957.00,United States,,3859109,Real Estate,Real Estate Investment Trusts
ARR^C,ARMOUR Residential REIT Inc. 7% Series C Cumulative Redeemable Preferred Stock (liquidation preference $25.00 per share),$20.605,-0.155,-0.747%,,United States,,11991,,
ARRW,Arrowroot Acquisition Corp. Class A common stock,$10.51,0.00,0.00%,0.00,United States,2021,34,Finance,Blank Checks
ARRWW,Arrowroot Acquisition Corp. Warrant,$0.0684,-0.0016,-2.286%,0.00,United States,2021,22291,Finance,Blank Checks
ARRY,Array Technologies Inc. Common Stock,$18.90,-0.34,-1.767%,2857991472.00,United States,2020,10171974,Technology,Semiconductors
ARTL,Artelo Biosciences Inc. Common Stock,$1.35,-0.02,-1.46%,4305095.00,United States,,17747,Health Care,Biotechnology: Pharmaceutical Preparations
ARTLW,Artelo Biosciences Inc. Warrant,$0.0689,-0.0007,-1.006%,219719.00,United States,,1497,Health Care,Biotechnology: Pharmaceutical Preparations
ARTNA,Artesian Resources Corporation Class A Common Stock,$41.80,-1.73,-3.974%,429578475.00,United States,,144405,Utilities,Water Supply
ARTW,Art's-Way Manufacturing Co. Inc. Common Stock,$2.04,-0.055,-2.625%,10219531.00,United States,,19798,Industrials,Industrial Machinery/Components
ARVL,Arrival Ordinary Shares,$1.29,0.00,0.00%,19688212.00,Luxembourg,,170374,Consumer Discretionary,Auto Manufacturing
ARVN,Arvinas Inc. Common Stock,$36.64,0.96,2.691%,2016134467.00,United States,2018,1517497,Health Care,Biotechnology: Pharmaceutical Preparations
ARW,Arrow Electronics Inc. Common Stock,$123.49,-0.17,-0.137%,6688144183.00,United States,,1326708,Technology,Electronic Components
ARWR,Arrowhead Pharmaceuticals Inc. Common Stock,$28.55,0.00,0.00%,3067189596.00,United States,,3659207,Health Care,Biotechnology: Pharmaceutical Preparations
ARYD,ARYA Sciences Acquisition Corp IV Class A Odinary Shares,$10.89,0.00,0.00%,86328635.00,United States,2021,2,Health Care,Biotechnology: Biological Products (No Diagnostic Substances)
ASA,ASA  Gold and Precious Metals Limited,$15.22,-0.15,-0.976%,293592354.00,United States,,56675,Industrials,Precious Metals
ASAI,Sendas Distribuidora S A ADS,$13.03,-0.57,-4.191%,3518751500.00,,2021,644925,Consumer Staples,Food Chains
ASAN,Asana Inc. Class A Common Stock,$20.18,-0.23,-1.127%,4490750993.00,United States,2020,3428946,Technology,Retail: Computer Software & Peripheral Equipment
ASB,Associated Banc-Corp Common Stock,$21.19,-0.15,-0.703%,3198412497.00,United States,,3985285,Finance,Major Banks
ASB^E,Associated Banc-Corp Depositary Shares each representing a 1/40th interest in a share of 5.875% Non-Cumulative Perpetual Preferred Stock Series E,$20.02,-0.03,-0.15%,,United States,,20395,,
ASB^F,Associated Banc-Corp Depositary Shares each representing a 1/40th interest in a share of Associated Banc-Corp 5.625% Non-Cumulative Perpetual Preferred Stock Series F,$19.5301,-0.2399,-1.213%,,United States,,2820,,
ASBA,Associated Banc-Corp 6.625% Fixed-Rate Reset Subordinated Notes due 2033,$22.35,-0.24,-1.062%,17055861183.00,United States,2023,51839,Finance,Major Banks
ASC,Ardmore Shipping Corporation Common Stock,$14.25,0.62,4.549%,586863735.00,,2013,1081979,Consumer Discretionary,Marine Transportation
ASCA,A SPAC I Acquisition Corp. Class A Ordinary Share,$10.90,0.00,0.00%,0.00,Singapore,2022,1,Finance,Blank Checks
ASCB,A SPAC II Acquisition Corp. Ordinary Shares,$10.82,0.00,0.00%,0.00,Singapore,2022,15295,Finance,Blank Checks
ASG,Liberty All-Star Growth Fund Inc.,$5.19,-0.06,-1.143%,0.00,United States,,173603,Finance,Investment Managers
ASGI,abrdn Global Infrastructure Income Fund Common Shares of Beneficial Interest,$17.95,-0.025,-0.139%,0.00,,2020,86186,Finance,Investment Managers
ASGN,ASGN Incorporated Common Stock,$93.85,0.10,0.107%,4429720000.00,United States,1992,740738,Consumer Discretionary,Professional Services
ASH,Ashland Inc. Common Stock,$85.25,-1.99,-2.281%,4369902383.00,United States,,1206830,Consumer Discretionary,Specialty Chemicals
ASIX,AdvanSix Inc. Common Stock ,$29.36,0.36,1.241%,791360045.00,United States,2016,932909,Industrials,Major Chemicals
ASLE,AerSale Corporation Common Stock,$13.59,0.07,0.518%,697558392.00,United States,2019,1185234,Consumer Discretionary,Industrial Specialties
ASLN,ASLAN Pharmaceuticals Limited American Depositary Shares,$0.578,0.078,15.60%,9484910.00,Singapore,2018,1444268,Health Care,Biotechnology: Pharmaceutical Preparations
ASM,Avino Silver & Gold Mines Ltd. Common Shares (Canada),$0.5034,0.0034,0.68%,61486815.00,Canada,,572759,,
ASMB,Assembly Biosciences Inc. Common Stock,$0.7529,-0.0371,-4.696%,49472390.00,United States,2010,660434,Health Care,Biotechnology: Pharmaceutical Preparations
ASML,ASML Holding N.V. New York Registry Shares,$752.96,-0.75,-0.10%,297110042907.00,Netherlands,1995,1506992,Technology,Industrial Machinery/Components
ASND,Ascendis Pharma A/S American Depositary Shares,$120.97,0.86,0.716%,6913713126.00,Denmark,2015,1138118,Health Care,Biotechnology: Pharmaceutical Preparations
ASNS,Actelis Networks Inc. Common Stock,$1.21,-0.07,-5.469%,3286888.00,United States,2022,62098,Telecommunications,Telecommunications Equipment
ASO,Academy Sports and Outdoors Inc. Common Stock,$61.06,0.16,0.263%,4527683507.00,United States,2020,3359728,Consumer Discretionary,Recreational Games/Products/Toys
ASPI,ASP Isotopes Inc. Common Stock,$1.79,0.03,1.705%,87304164.00,United States,2022,453750,Industrials,Major Chemicals
ASPN,Aspen Aerogels Inc. Common Stock,$13.79,-0.03,-0.217%,968843010.00,United States,2014,998930,Consumer Discretionary,RETAIL: Building Materials
ASPS,Altisource Portfolio Solutions S.A. Common Stock,$3.51,-0.20,-5.391%,92989138.00,Luxembourg,,336815,Consumer Discretionary,Other Consumer Services
ASR,Grupo Aeroportuario del Sureste S.A. de C.V. Common Stock,$294.88,5.32,1.837%,8846400000.00,Mexico,,153745,Consumer Discretionary,Aerospace
ASRT,Assertio Holdings Inc. Common Stock,$1.04,-0.07,-6.306%,98455264.00,United States,,2172580,Health Care,Biotechnology: Pharmaceutical Preparations
ASRV,AmeriServ Financial Inc. Common Stock,$2.95,0.00,0.00%,50584447.00,United States,,4893,Finance,Major Banks
ASST,Asset Entities Inc. Class B Common Stock,$0.4061,-0.027,-6.234%,5695313.00,United States,2023,41958,Technology,Computer Software: Prepackaged Software
ASTC,Astrotech Corporation (DE) Common Stock,$8.50,0.10,1.19%,14464697.00,United States,,5936,Industrials,Aerospace
ASTE,Astec Industries Inc. Common Stock,$37.47,-0.03,-0.08%,852041421.00,United States,1986,836089,Industrials,Construction/Ag Equipment/Trucks
ASTI,Ascent Solar Technologies Inc. Common Stock,$0.8746,0.0146,1.698%,2979520.00,United States,,62233,Technology,Semiconductors
ASTL,Algoma Steel Group Inc. Common Shares,$8.71,-0.05,-0.571%,902384421.00,Canada,,1204644,Industrials,Steel/Iron Ore
ASTLW,Algoma Steel Group Inc. Warrant,$1.31,-0.0099,-0.75%,135720275.00,Canada,,3034,Industrials,Steel/Iron Ore
ASTR,Astra Space Inc. Class A Common Stock,$1.25,-0.14,-10.072%,28116730.00,United States,2020,326824,Consumer Discretionary,Transportation Services
ASTS,AST SpaceMobile Inc. Class A Common Stock,$5.44,-0.05,-0.911%,1187638578.00,United States,2019,2055299,Consumer Discretionary,Telecommunications Equipment
ASTSW,AST SpaceMobile Inc. Warrant,$1.27,-0.02,-1.55%,277261212.00,United States,2019,23637,Consumer Discretionary,Telecommunications Equipment
ASUR,Asure Software Inc Common Stock,$7.86,-0.11,-1.38%,195330416.00,United States,,840309,Technology,EDP Services
ASX,ASE Technology Holding Co. Ltd. American Depositary Shares (each representing Two Common Shares) ,$9.06,-0.04,-0.44%,19783610346.00,Taiwan,2018,5866122,Technology,Semiconductors
ASXC,Asensus Surgical Inc. Common Stock,$0.31,0.0278,9.851%,81938192.00,United States,,2322490,Health Care,Medical/Dental Instruments
ASYS,Amtech Systems Inc. Common Stock,$3.93,-0.17,-4.146%,55677689.00,United States,,383214,Technology,Semiconductors
ATAI,ATAI Life Sciences N.V. Common Shares,$1.26,-0.02,-1.563%,209173200.00,Germany,2008,1860334,Health Care,Biotechnology: Pharmaceutical Preparations
ATAK,Aurora Technology Acquisition Corp. Class A Ordinary Shares,$7.60,-2.91,-27.688%,0.00,United States,2022,2307824,Finance,Blank Checks
ATAKR,Aurora Technology Acquisition Corp. Rights,$0.18,-0.01,-5.263%,0.00,United States,2022,71791,Finance,Blank Checks
ATAKU,Aurora Technology Acquisition Corp. Unit,$11.09,0.37,3.451%,0.00,United States,2022,20056,Finance,Blank Checks
ATAKW,Aurora Technology Acquisition Corp. Warrants,$0.015,0.005,50.00%,0.00,United States,2022,347196,Finance,Blank Checks
ATAT,Atour Lifestyle Holdings Limited American Depositary Shares,$17.11,0.13,0.766%,747817188.00,China,2022,501184,Consumer Discretionary,Hotels/Resorts
ATCO^D,Atlas Corp. 7.95% Series D,$23.91,-0.27,-1.117%,,United Kingdom,,4407,,
ATCO^H,Atlas Corp. 7.875% Series H,$23.03,-0.11,-0.475%,,United Kingdom,,11339,,
ATCOL,Atlas Corp. 7.125% Notes due 2027,$23.75,-0.05,-0.21%,4852796579.00,United Kingdom,,1356,Basic Materials,Precious Metals
ATEC,Alphatec Holdings Inc. Common Stock,$13.43,-0.48,-3.451%,1830517918.00,United States,2006,4356837,Health Care,Medical/Dental Instruments
ATEK,Athena Technology Acquisition Corp. II Class A Common Stock,$10.86,-0.01,-0.092%,0.00,,2022,2339,Finance,Blank Checks
ATEN,A10 Networks Inc. Common Stock,$13.31,0.10,0.757%,986779761.00,United States,2014,5680301,Technology,EDP Services
ATER,Aterian Inc. Common Stock,$0.3338,0.0184,5.834%,30113188.00,United States,2019,875319,,
ATEX,Anterix Inc. Common Stock,$34.69,-0.93,-2.611%,651120060.00,United States,2015,174278,Telecommunications,Telecommunications Equipment
ATGE,Adtalem Global Education Inc. Common Stock,$59.99,-0.41,-0.679%,2389308955.00,United States,,3801821,Consumer Discretionary,Other Consumer Services
ATGL,Alpha Technology Group Limited Ordinary Shares,$10.54,-0.35,-3.214%,158100000.00,China,2023,32711,,
ATH^A,Athene Holding Ltd. Depositary Shares Each Representing a 1/1000th Interest in a 6.35% Fixed-to-Floating Rate Perpetual Non-Cumulative Preference Share Series A,$23.35,-0.09,-0.384%,,Bermuda,,62726,,
ATH^B,Athene Holding Ltd. Depositary Shares Each Representing a 1/1000th Interest in a 5.625% Fixed Rate Perpetual Non- Cumulative Preference Share Series B par value $1.00 per share,$21.09,0.01,0.047%,,Bermuda,,22856,,
ATH^C,Athene Holding Ltd. Depositary Shares each representing a 1/1000th Interest in a Share of 6.375% Fixed-Rate Reset Perpetual Non-Cumulative Preference Shares Series C,$25.15,0.0298,0.119%,,Bermuda,,40015,,
ATH^D,Athene Holding Ltd. Depositary Shares Each Representing a 1/1000th Interest in a 4.875% Fixed-Rate Perpetual Non-Cumulative Preference Share Series D,$17.95,0.21,1.184%,,Bermuda,,44594,,
ATH^E,Athene Holding Ltd. Depositary Shares Each Representing a 1/1000th Interest in a 7.750% Fixed-Rate Reset Perpetual Non-Cumulative Preference Share Series E,$25.86,-0.09,-0.347%,,Bermuda,,23066,,
ATHA,Athira Pharma Inc. Common Stock,$2.31,-0.11,-4.545%,87906087.00,United States,2020,314565,Health Care, Medicinal Chemicals and Botanical Products 
ATHE,Alterity Therapeutics Limited American Depositary Shares,$3.03,-0.02,-0.656%,12321483.00,Australia,,75708,Health Care,Biotechnology: Pharmaceutical Preparations
ATHM,Autohome Inc. American Depositary Shares each representing four class A ordinary shares.,$27.48,-0.40,-1.435%,3385140755.00,China,2013,558483,Technology,EDP Services
ATI,ATI Inc. Common Stock,$42.72,-0.26,-0.605%,5450098497.00,United States,,3824272,Industrials,Steel/Iron Ore
ATIF,ATIF Holdings Limited Ordinary Shares,$0.8937,-0.0141,-1.553%,8604054.00,China,2019,307,Consumer Discretionary,Professional Services
ATIP,ATI Physical Therapy Inc. Class A Common Stock,$6.79,-0.21,-3.00%,28580909.00,,2020,14857,Health Care,Hospital/Nursing Management
ATKR,Atkore Inc. Common Stock,$157.04,0.75,0.48%,5860433953.00,United States,2016,1019245,Miscellaneous,Industrial Machinery/Components
ATLC,Atlanticus Holdings Corporation Common Stock,$35.45,0.27,0.767%,517128187.00,United States,1995,47795,Finance,Finance: Consumer Services
ATLCL,Atlanticus Holdings Corporation 6.125% Senior Notes due 2026,$22.90,0.26,1.148%,334054597.00,United States,,4508,Finance,Finance: Consumer Services
ATLCP,Atlanticus Holdings Corporation 7.625% Series B Cumulative Perpetual Preferred Stock no par value per share,$23.4325,0.2575,1.111%,341822461.00,United States,,6513,Finance,Finance: Consumer Services
ATLO,Ames National Corporation Common Stock,$22.32,0.92,4.299%,200705167.00,United States,,86231,Finance,Major Banks
ATLX,Atlas Lithium Corporation Common Stock,$25.72,-1.51,-5.545%,275956567.00,United States,,48993,Industrials,Mining & Quarrying of Nonmetallic Minerals (No Fuels)
ATMC,AlphaTime Acquisition Corp Ordinary Shares,$10.73,0.00,0.00%,0.00,United States,2023,708,Finance,Blank Checks
ATMCU,AlphaTime Acquisition Corp Unit,$10.85,0.00,0.00%,0.00,United States,2022,1000,Finance,Blank Checks
ATMCW,AlphaTime Acquisition Corp Warrant,$0.048,0.0254,112.389%,0.00,United States,2023,981,Finance,Blank Checks
ATMU,Atmus Filtration Technologies Inc. Common Stock,$24.45,-0.79,-3.13%,2036631112.00,United States,2023,457762,Consumer Discretionary,Auto Parts:O.E.M.
ATMV,AlphaVest Acquisition Corp Ordinary Shares,$10.67,-0.01,-0.094%,0.00,United States,2023,5400,Finance,Blank Checks
ATMVR,AlphaVest Acquisition Corp Right,$0.0907,-0.0293,-24.417%,0.00,United States,2023,2320,Finance,Blank Checks
ATMVU,AlphaVest Acquisition Corp Unit,$10.78,0.00,0.00%,0.00,United States,2022,16,Finance,Blank Checks
ATNF,180 Life Sciences Corp. Common Stock,$0.188,-0.021,-10.048%,1405386.00,United States,2017,1042283,Health Care,Biotechnology: Pharmaceutical Preparations
ATNFW,180 Life Sciences Corp. Warrant,$0.0061,0.0001,1.667%,45600.00,United States,2017,10555,Health Care,Biotechnology: Pharmaceutical Preparations
ATNI,ATN International Inc. Common Stock,$36.07,2.36,7.001%,556252820.00,United States,,481215,Telecommunications,Telecommunications Equipment
ATNM,Actinium Pharmaceuticals Inc. (Delaware) Common Stock,$4.85,-0.24,-4.715%,132955189.00,United States,,716494,Health Care,Biotechnology: Pharmaceutical Preparations
ATO,Atmos Energy Corporation Common Stock,$114.82,-0.57,-0.494%,17050323121.00,United States,,2470507,Utilities,Oil/Gas Transmission
ATOM,Atomera Incorporated Common Stock,$7.07,0.06,0.856%,182399057.00,United States,2016,345494,Technology,Semiconductors
ATOS,Atossa Therapeutics Inc. Common Stock,$0.741,0.0111,1.521%,92850311.00,United States,2012,211196,Health Care,Biotechnology: In Vitro & In Vivo Diagnostic Substances
ATPC,Agape ATP Corporation Common Stock,$0.7099,-0.0201,-2.753%,54734718.00,Malaysia,,14389,Health Care,Medical/Nursing Services
ATR,AptarGroup Inc. Common Stock,$125.98,-1.42,-1.115%,8287124269.00,United States,,712995,Industrials,Plastic Products
ATRA,Atara Biotherapeutics Inc. Common Stock,$0.5999,-0.0845,-12.347%,61143158.00,United States,2014,4423658,Health Care,Biotechnology: Biological Products (No Diagnostic Substances)
ATRC,AtriCure Inc. Common Stock,$35.66,-0.74,-2.033%,1690108624.00,United States,2005,991829,Health Care,Medical/Dental Instruments
ATRI,Atrion Corporation Common Stock,$363.66,0.03,0.008%,639981960.00,United States,,24416,Health Care,Medical/Dental Instruments
ATRO,Astronics Corporation Common Stock,$15.77,-0.33,-2.05%,535241338.00,United States,,1043803,Industrials,Military/Government/Technical
ATS,ATS Corporation Common Shares,$42.92,0.31,0.728%,4213224332.00,Canada,2023,78381,Industrials,Industrial Machinery/Components
ATSG,Air Transport Services Group Inc,$16.93,0.29,1.743%,1105070197.00,United States,,2374589,Consumer Discretionary,Air Freight/Delivery Services
ATUS,Altice USA Inc. Class A Common Stock,$2.40,-0.07,-2.834%,1091430319.00,United States,2017,14716824,Telecommunications,Telecommunications Equipment
ATXG,Addentax Group Corp. Common Stock,$1.275,0.015,1.19%,5476098.00,China,,2254,Consumer Discretionary,Professional Services
ATXI,Avenue Therapeutics Inc. Common Stock,$0.148,-0.0025,-1.661%,1960648.00,United States,2017,1041392,Health Care,Biotechnology: Pharmaceutical Preparations
ATXS,Astria Therapeutics Inc. Common Stock,$6.25,0.13,2.124%,226851194.00,United States,2015,1678778,Health Care,Biotechnology: Pharmaceutical Preparations
AU,AngloGold Ashanti PLC Ordinary Shares,$17.96,-0.08,-0.443%,7518064495.00,South Africa,,3563912,Basic Materials,Precious Metals
AUB,Atlantic Union Bankshares Corporation Common Stock,$36.49,0.27,0.745%,2737340372.00,United States,,1775100,Finance,Major Banks
AUB^A,Atlantic Union Bankshares Corporation Depositary Shares each representing a 1/400th ownership interest in a share of 6.875% Perpetual Non-Cumulative Preferred Stock Series A,$20.79,-0.42,-1.98%,,United States,,13995,,
AUBN,Auburn National Bancorporation Inc. Common Stock,$20.13,-0.07,-0.347%,70326450.00,United States,,1430,Finance,Major Banks
AUDC,AudioCodes Ltd. Common Stock,$12.10,0.24,2.024%,383449000.00,Israel,1999,244292,Utilities,Telecommunications Equipment
AUGX,Augmedix Inc. Common Stock,$5.66,0.04,0.712%,234119759.00,United States,,234235,Technology,Computer Software: Prepackaged Software
AUID,authID Inc. Common Stock,$8.99,-0.26,-2.811%,70795908.00,United States,,9922,Technology,Computer Software: Prepackaged Software
AULT,Ault Alliance Inc. Common Stock,$0.0815,-0.0065,-7.386%,5602550.00,United States,1997,13771355,Finance,Investment Bankers/Brokers/Service
AULT^D,Ault Alliance Inc. 13.00% Series D Cumulative Redeemable Perpetual Preferred Stock,$22.15,0.33,1.512%,,United States,,599,,
AUMN,Golden Minerals Company Common Stock,$0.4856,-0.0344,-6.615%,6839521.00,United States,,162449,Basic Materials,Precious Metals
AUPH,Aurinia Pharmaceuticals Inc Ordinary Shares,$9.39,0.36,3.987%,1348480660.00,Canada,,4324380,Health Care,Biotechnology: Pharmaceutical Preparations
AUR,Aurora Innovation Inc. Class A Common Stock,$3.82,0.22,6.111%,5805593182.00,United States,2021,25125082,Technology,EDP Services
AURA,Aura Biosciences Inc. Common Stock,$9.00,0.15,1.695%,344338911.00,United States,2021,1049578,Health Care,Biotechnology: Pharmaceutical Preparations
AUROW,Aurora Innovation Inc. Warrant,$0.4123,0.0623,17.80%,626608919.00,United States,2021,56833,Technology,EDP Services
AUST,Austin Gold Corp. Common Shares,$0.70,-0.0301,-4.123%,9289000.00,,2022,17031,,
AUTL,Autolus Therapeutics plc American Depositary Share,$5.01,0.04,0.805%,871685677.00,United Kingdom,2018,1164687,Health Care,Biotechnology: Biological Products (No Diagnostic Substances)
AUUD,Auddia Inc. Common Stock,$0.305,0.0112,3.812%,6083903.00,United States,2021,334769,Technology,Computer Software: Prepackaged Software
AUUDW,Auddia Inc. Warrants,$0.015,-0.0189,-55.752%,299208.00,United States,2021,11134,Technology,Computer Software: Prepackaged Software
AUVI,Applied UV Inc. Common Stock,$1.65,-0.01,-0.602%,914290.00,United States,2020,213130,Consumer Discretionary,Building Products
AUVIP,Applied UV Inc. 10.5% Series A Cumulative Perpetual Preferred Stock $0.0001 par value per share,$2.43,-0.01,-0.41%,1346499.00,United States,,3455,Consumer Discretionary,Building Products
AVA,Avista Corporation Common Stock,$34.87,-0.82,-2.298%,2697808630.00,United States,,1420483,Utilities,Power Generation
AVAH,Aveanna Healthcare Holdings Inc. Common Stock,$2.37,0.07,3.043%,452037573.00,United States,2021,333977,Health Care,Hospital/Nursing Management
AVAL,Grupo Aval Acciones y Valores S.A. ADR (Each representing 20 preferred shares),$2.23,0.0303,1.377%,2647397547.00,,2014,29913,Finance,Commercial Banks
AVAV,AeroVironment Inc. Common Stock,$126.18,-2.59,-2.011%,3550086918.00,United States,2007,951429,Industrials,Aerospace
AVB,AvalonBay Communities Inc. Common Stock,$187.89,-3.55,-1.854%,26683219394.00,United States,,1646973,Real Estate,Real Estate Investment Trusts
AVD,American Vanguard Corporation Common Stock ($0.10 Par Value),$10.99,0.20,1.854%,315967325.00,United States,1998,536181,Industrials,Agricultural Chemicals